# THE REACTION CORPUS.  One table, one id space, one API method: `mol.react(*others, reaction=...)`.
#
# A row is a row -- some name two groups, some name one, and which is true is `len(groups)`.  THE
# OXIDATION/REDUCTION/INTERCONVERSION TAXONOMY IS NOT A COLUMN: nothing computes it or checks it, and making
# it one would mean inventing a class for each of the multi-component rows.  It is the section
# comments below and nothing else, which cost nothing and claim nothing.
#
# `groups` NAMES ROWS OF functional.tsv, comma separated, IN SLOT ORDER, and the slot decides the map
# numbers the `product` column talks about: slot 0 keeps the group's own numbers, slot 1 has 100 added to
# each, slot 2 has 200.  So `[A:1]-[A:101]` bonds the first group's atom 1 to the second group's atom 1.
# `chython.reactions.compose_smirks(groups, product)` prints the SMIRKS a row composes to, which is the
# thing to read when a row does not fire.
#
# THE SLOT ORDER IS NOT THE CALLER'S ARGUMENT ORDER, and nothing reorders the caller's molecules to make it
# one.  `react()` hands every input to the matcher at once and the reactant side finds its components
# wherever they are, so a row states the chemical roles once and `acid.react(amine)` and `amine.react(acid)`
# are the same question.
#
# `ring_sizes` IS `<atom>:<sizes>` AND IT IS WHAT MAKES A ROW INTRAMOLECULAR.  A multi-slot row always
# composes an intermolecular template, whose components are demanded to be in DIFFERENT molecule
# components; filling `ring_sizes` composes a SECOND template demanding them in ONE, with the sizes as a
# product-side `r` on the atom named.  `1:5,6,7` reads "the ring through product atom :1 is 5-, 6- or
# 7-membered", and the atom must be one that lies on the new ring -- pick the wrong one and the row composes
# fine and never fires.  The two templates are mutually exclusive, so a substrate never yields the same
# product twice.  A ONE-SLOT ROW MAY NOT FILL IT: there is no intermolecular reading to distinguish such a
# row from, so the constraint goes in `product` by hand and the loader refuses the column outright.  LEAVE
# `ring_sizes` EMPTY UNLESS THE RING SIZE IS KNOWN -- an empty cell says "the intramolecular case of this
# row is not in the corpus yet", which is honest, while a guessed range invents chemistry.
#
# `product` is the product side of a SMIRKS: explicit-only, so an unstated charge, isotope or radical is the
# DEFAULT and not the matched atom's value.  `[A:N]` inherits the element of the atom it pairs with.  Every
# reactant atom whose number is absent here is DELETED, along with whatever hung only off it -- which is how
# a leaving group and its whole fragment go without being named.
#
# A CONFIGURATION AT THE REACTION CENTRE IS STATED IN `product` OR IT IS LOST.  A patch drops what it
# rewrites, so a product side silent about its own centre yields an unconfigured atom -- right for the row
# that racemizes, wrong for the row that inverts.  An atom the row merely mentions keeps what it had, so the
# carbinol of an esterified secondary alcohol needs no token.  Three tokens carry the whole table:
#
#   `@~`    inverted -- the SN2 rows, at the carbon the nucleophile displaces:       `[A@~:1]`
#   `@=`    kept     -- the alkenyl couplings, at the terminal that held the metal:  `[A@=:101]`
#   `&<n>`  racemic  -- a centre a radical, a carbanion or a hydride makes or unmakes: `[A;&1:101]`
#
# A ROW STATES A CONFIGURATION WHEN ITS OWN PROBE'S PRODUCT HOLDS ONE, which is what makes sibling rows
# differ: `21 appel` inverts a secondary alcohol and `20` has no centre to invert.  TWO FAMILIES ARE SILENT
# BECAUSE THEIR GROUPS MAP THE REACTING ATOMS ALONE.  A drawn sign is relative to the order of its centre's
# directions and so has to name three of them: `39 dihydroxylation` cannot state syn addition, the third
# direction being a substituent `alkene` does not number, while `38` marks the one centre a terminal alkene
# makes.  A geometry needs a mapped substituent on EACH terminal, which is why `53 alkyne_to_alkene`,
# `279`/`280` (HWE), `282`/`283` (Wittig) and `284` (Knoevenagel) state none: `aldehyde` and `ketone` map the
# carbonyl and nothing else.
#
# `probe` IS THE ROW'S OWN ACCEPTANCE TEST, `<reactants>>><product>`, and it is not optional.  A row that
# composes cleanly and never fires is invisible -- an absent reaction and an unmatchable one are the same
# empty result -- so `test/test_probes.py` fires every row on its own probe and demands the product back.
# EACH SIDE IS ONE RECORD: the reactant side finds its components wherever they are, so `CCBr.Oc1ccccc1`
# exercises the intermolecular template and a connected reactant side exercises the intramolecular one.
# The probe also refuses an unknown hydrogen count, which is what an all-`:` product side leaves behind.
#
# `name` is the CHEMICAL name and is shared by every row that spells a variant of the same reaction; it is
# what `reaction=` selects on, so the five amidation rows are one selectable reaction.
#
# PREFER ONE ROW WITH A `,` LIST TO SEVERAL ROWS THAT DIFFER BY AN ELEMENT: `aryl_halide` is `[Cl,Br,I;D1]`
# in one group and one row.  The bound on the merge is CHEMICAL, not notational -- F is left out because it
# does SNAr rather than couple.  Merging two rows a chemist would distinguish is a wrong row, not a tidy one.
#
# THE ROWS ABOVE THE APPENDED SECTION ARE A SEED, a spread across the reaction classes; the rows below it
# are grown from measured frequency of use.  Neither is the whole of chemistry and the table says so by
# being a table.
#
# ================================================================================================
# MULTI-COMPONENT.  Two groups, in two molecules or in one -- see `ring_sizes`.
# ================================================================================================
id	name	groups	product	ring_sizes	probe	description
1	amidation	carboxylic_acid,primary_amine	[A:1](=[A:2])-[A:101]-[A:102]	1:5,6,7	C(C)(=O)O.C(C)N>>C(=O)(NCC)C	RCOOH + R'NH2 -> RCONHR'
2	amidation	carboxylic_acid,primary_aniline	[A:1](=[A:2])-[A:101]-[A:102]	1:5,6,7	C(C)(=O)O.c1c(N)cccc1>>c1ccc(NC(=O)C)cc1	RCOOH + ArNH2 -> RCONHAr
3	amidation	carboxylic_acid,secondary_amine	[A:1](=[A:2])-[A:101](-[A:102])-[A:103]	1:5,6,7	C(C)(=O)O.CNC>>N(C)(C(C)=O)C	RCOOH + R'2NH -> RCONR'2
4	amidation	acyl_chloride,primary_amine	[A:1](=[A:2])-[A:101]-[A:102]	1:5,6,7	C(C)(=O)Cl.C(C)N>>C(=O)(NCC)C	RCOCl + R'NH2 -> RCONHR'
5	amidation	acyl_chloride,secondary_amine	[A:1](=[A:2])-[A:101](-[A:102])-[A:103]	1:5,6,7	C(C)(=O)Cl.CNC>>N(C)(C(C)=O)C	RCOCl + R'2NH -> RCONR'2
6	esterification	carboxylic_acid,primary_alcohol	[A:1](=[A:2])-[A:101]-[A:102]	1:5,6,7	C(C)(=O)O.C(C)O>>C(C)OC(C)=O	RCOOH + R'CH2OH -> RCOOCH2R'
7	esterification	carboxylic_acid,secondary_alcohol	[A:1](=[A:2])-[A:101]-[A:102]	1:5,6,7	C(C)(=O)O.C(C)(O)C>>CC(OC(C)=O)C	RCOOH + R'2CHOH -> ester
8	suzuki	aryl_halide,aryl_boronic_acid	[A:1]-[A:101]		c1c(Br)cccc1.B(O)(c1ccccc1)O>>c1cc(-c2ccccc2)ccc1	ArX + Ar'B(OH)2 -> Ar-Ar'
9	suzuki	aryl_halide,aryl_boronic_ester	[A:1]-[A:101]		c1c(Br)cccc1.CC1(OB(c2ccccc2)OC1(C)C)C>>c1cc(-c2ccccc2)ccc1	ArX + Ar'Bpin -> Ar-Ar'
10	suzuki	aryl_halide,alkyl_boronic_acid	[A:1]-[A:101]		c1c(Br)cccc1.B(O)(CCCC)O>>C(CC)Cc1ccccc1	ArX + RB(OH)2 -> Ar-R
11	buchwald_hartwig	aryl_halide,primary_amine	[A:1]-[A:101]-[A:102]	1:5,6,7	c1c(Br)cccc1.C(C)N>>N(c1ccccc1)CC	ArX + R'NH2 -> ArNHR'
12	buchwald_hartwig	aryl_halide,secondary_amine	[A:1]-[A:101](-[A:102])-[A:103]	1:5,6,7	c1c(Br)cccc1.CNC>>N(C)(c1ccccc1)C	ArX + R'2NH -> ArNR'2
13	buchwald_hartwig	aryl_halide,primary_aniline	[A:1]-[A:101]-[A:102]	1:5,6,7	c1c(Br)cccc1.c1c(N)cccc1>>c1(Nc2ccccc2)ccccc1	ArX + Ar'NH2 -> ArNHAr'
14	sonogashira	aryl_bromide_iodide,terminal_alkyne	[A:1]-[A:101]#[A:102]		c1c(Br)cccc1.C(#C)CC>>C(c1ccccc1)#CCC	ArBr/ArI + HC#CR -> ArC#CR; ArCl is `355`
15	n_alkylation	alkyl_halide,primary_amine	[A@~:1]-[A:101]-[A:102]	1:5,6	C[C@H](Br)CC.C(C)N>>C([C@H](NCC)C)C	RX + R'NH2 -> RNHR' (SN2)
16	n_alkylation	alkyl_halide,secondary_amine	[A@~:1]-[A:101](-[A:102])-[A:103]	1:5,6	C[C@H](Br)CC.CNC>>C(C)[C@H](N(C)C)C	RX + R'2NH -> RNR'2 (SN2)
17	williamson	alkyl_halide,phenol	[A@~:1]-[A:101]-[A:102]	1:5,6	C[C@H](Br)CC.c1c(O)cccc1>>c1ccccc1O[C@H](C)CC	RX + ArOH -> ArOR (Williamson)
18	urea_synthesis	isocyanate,primary_amine	[A:1]-[A:2](=[A:3])-[A:101]-[A:102]		C(=NCC)=O.C(C)N>>N(CC)C(=O)NCC	RNCO + R'NH2 -> RNHC(=O)NHR'
19	thioether_synthesis	alkyl_halide,thiol	[A@~:1]-[A:101]-[A:102]	1:5,6	C[C@H](Br)CC.C(C)S>>C([C@H](SCC)C)C	RX + R'SH -> RSR'
#
# ================================================================================================
# INTERCONVERSIONS.  One group in, one out, and neither an oxidation nor a reduction: a halide
# interchange, an electrophilic substitution, a ring opening.  The reagent is implicit -- a row says
# Appel takes an alcohol to a bromide, not that CBr4 and PPh3 are in the flask.
# ================================================================================================
20	appel	primary_alcohol	[Br;D1]-[A:2]		C(C)O>>C(C)Br	RCH2OH -> RCH2Br (CBr4/PPh3)
21	appel	secondary_alcohol	[Br;D1]-[A@~:2]		C[C@H](O)CC>>C(C)[C@H](Br)C	R2CHOH -> R2CHBr
22	appel_chloride	primary_alcohol	[Cl;D1]-[A:2]		C(C)O>>C(C)Cl	RCH2OH -> RCH2Cl (CCl4/PPh3)
23	appel_chloride	secondary_alcohol	[Cl;D1]-[A@~:2]		C[C@H](O)CC>>C(C)[C@H](Cl)C	R2CHOH -> R2CHCl
24	borylation	aryl_bromide	[A:1]-[B](-[O;D1])-[O;D1]		c1c(Br)cccc1>>B(O)(c1ccccc1)O	ArBr -> ArB(OH)2 (Miyaura)
25	borylation	aryl_iodide	[A:1]-[B](-[O;D1])-[O;D1]		c1c(I)cccc1>>B(O)(c1ccccc1)O	ArI -> ArB(OH)2
26	borylation	aryl_chloride	[A:1]-[B](-[O;D1])-[O;D1]		c1c(Cl)cccc1>>B(O)(c1ccccc1)O	ArCl -> ArB(OH)2
27	nitrile_hydrolysis	nitrile	[A:1]-[A:2]=[O]		C(CC)#N>>C(CC)(N)=O	RCN -> RCONH2, stopping at the amide
28	nitration	arene_ch	[A:1]-[N;+](=[O])[O;-]		c1ccccc1>>c1c([N+]([O-])=O)cccc1	ArH -> ArNO2
29	bromination	arene_ch	[A:1]-[Br;D1]		c1ccccc1>>c1c(Br)cccc1	ArH -> ArBr
30	chlorination	arene_ch	[A:1]-[Cl;D1]		c1ccccc1>>c1c(Cl)cccc1	ArH -> ArCl
31	iodination	arene_ch	[A:1]-[I;D1]		c1ccccc1>>c1c(I)cccc1	ArH -> ArI
32	benzylic_bromination	benzylic_ch	[A:1](-[Br;D1])-[A:2]		c1cc(CC)ccc1>>C(C)(c1ccccc1)Br	ArCH2R -> ArCHBrR (NBS)
33	epoxide_opening	epoxide	[A;D1:1]-[A:2]-[A@~:3]-[O;D1]		C[C@H]1O[C@@H]1C>>[C@H](C)(O)[C@@H](O)C	oxirane -> 1,2-diol; the ring O-C bond the product omits is deleted
34	acid_chlorination	carboxylic_acid	[A:1](=[A:2])-[Cl;D1]		C(C)(=O)O>>C(C)(=O)Cl	RCOOH -> RCOCl (SOCl2, oxalyl chloride)
#
# ================================================================================================
# OXIDATIONS.
# ================================================================================================
35	alcohol_to_aldehyde	primary_alcohol	[A:1]=[A:2]		C(C)O>>C(C)=O	RCH2OH -> RCHO (Swern, Dess-Martin, PCC)
36	alcohol_to_ketone	secondary_alcohol	[A:1]=[A:2]		C(C)(O)C>>C(C)(=O)C	R2CHOH -> R2C=O
37	aldehyde_to_acid	aldehyde	[A:1]=[A:2]-[O;D1]		C(CC)=O>>C(CC)(=O)O	RCHO -> RCOOH (Pinnick, Jones, KMnO4)
38	dihydroxylation	terminal_alkene	[A:1](-[O;D1])-[A;&1:2]-[O;D1]		C(CC)=C>>[C@@H](CC)(O)CO |&1:0|	C=C -> 1,2-diol (OsO4, KMnO4)
39	dihydroxylation	alkene	[A:1](-[O;D1])-[A:2]-[O;D1]		C(C)=CC>>CC(C(C)O)O	C=C -> 1,2-diol
40	thioether_to_sulfoxide	thioether	[A;&1:1](=[O])(-[A:2])-[A:3]		CSCC>>C(C)[S@](C)=O |&1:2|	RSR' -> RS(=O)R' (mCPBA, H2O2, NaIO4)
41	thioether_to_sulfone	thioether	[A:1](=[O])(=[O])(-[A:2])-[A:3]		CSC>>CS(=O)(C)=O	RSR' -> RSO2R' (excess mCPBA, Oxone)
42	sulfoxide_to_sulfone	sulfoxide	[A:1](=[A:2])(=[O])(-[A:3])-[A:4]		CS(=O)C>>CS(=O)(C)=O	RS(=O)R' -> RSO2R'
43	nitrogen_oxidation	tertiary_amine	[A;+;&1:1](-[O;-;D1])(-[A:2])(-[A:3])-[A:4]		CCN(C)CCC>>C(C[N@+](CC)([O-])C)C |&1:2|	R3N -> R3N+-O- (mCPBA, H2O2).  The three substituents are restated because `tertiary_amine` numbers them: a product side deletes by absence, so a product naming only :1 would return [NH3+][O-]
44	nitrogen_oxidation	pyridine_n	[A;+:1]-[O;-;D1]		c1ccccn1>>c1[n+](cccc1)[O-]	pyridine -> pyridine N-oxide
#
# ================================================================================================
# REDUCTIONS.
# ================================================================================================
45	aldehyde_to_alcohol	aldehyde	[A:1]-[A:2]		C(CC)=O>>C(O)CC	RCHO -> RCH2OH (NaBH4, LiAlH4)
46	ketone_to_alcohol	ketone	[A:1]-[A;&1:2]		C(C)(=O)CC>>C(C)[C@H](O)C |&1:2|	R2C=O -> R2CHOH
47	acid_to_alcohol	carboxylic_acid	[A:1]-[A:2]		C(C)(=O)O>>C(C)O	RCOOH -> RCH2OH (LiAlH4); the hydroxyl goes
48	ester_to_alcohol	ester	[A:1]-[A:2]		O=C(C)OC>>C(C)O	RCOOR' -> RCH2OH (LiAlH4); the alkoxy fragment goes with it
49	amide_to_amine	primary_amide	[A:1]-[A:2]		C(N)=O>>CN	RCONH2 -> RCH2NH2 (LiAlH4, BH3)
50	amide_to_amine	secondary_amide	[A:1]-[A:2]		C(NC)=O>>CNC	RCONHR' -> RCH2NHR'
51	nitrile_to_amine	nitrile	[A:1]-[A:2]		C(CC)#N>>C(N)CC	RCN -> RCH2NH2 (LiAlH4, H2/cat)
52	nitro_to_amine	nitro	[A:1]		C(C)[N+]([O-])=O>>C(C)N	ArNO2 -> ArNH2 (H2/Pd, SnCl2, Fe/HCl); both oxygens go
53	alkyne_to_alkene	alkyne	[A:1]=[A:2]		C(#CC)C>>C(C)=CC	C#C -> C=C (Lindlar)
54	alkene_to_alkane	alkene	[A:1]-[A:2]		C(C)=CC>>C(C)CC	C=C -> C-C (H2/Pd)
55	alkene_to_alkane	terminal_alkene	[A:1]-[A:2]		C(CC)=C>>C(C)CC	C=C -> C-C (H2/Pd)
56	sulfoxide_to_thioether	sulfoxide	[A:1](-[A:3])-[A:4]		CS(=O)C>>CSC	RS(=O)R' -> RSR'; the oxygen goes
#
# ================================================================================================
# MULTI-COMPONENT, GROWN FROM FREQUENCY.  Appended and never inserted: an id is frozen, so a new row
# goes at the end and the sections above keep theirs.  The taxonomy sections above stop here.
# ================================================================================================
#
# --- the aryl electrophile: displacement, Cu-mediated coupling, cross-electrophile coupling -----
57	snar	aryl_fluoride,primary_alcohol	[A:1]-[A:101]-[A:102]		c1c(F)cccc1.C(C)O>>O(c1ccccc1)CC	Activated aryl fluoride displaced by a primary alcohol (SNAr)
58	snar	aryl_fluoride,secondary_alcohol	[A:1]-[A:101]-[A:102]		c1c(F)cccc1.C(C)(O)C>>c1(ccccc1)OC(C)C	Activated aryl fluoride displaced by a secondary alcohol (SNAr)
59	snar	aryl_fluoride,tertiary_alcohol	[A:1]-[A:101]-[A:102]		c1c(F)cccc1.C(C)(O)(C)C>>c1cccc(OC(C)(C)C)c1	Activated aryl fluoride displaced by a tertiary alcohol (SNAr)
60	snar	aryl_halide,primary_alcohol	[A:1]-[A:101]-[A:102]		c1c(Br)cccc1.C(C)O>>O(c1ccccc1)CC	Aryl halide displaced by a primary alcohol (SNAr)
61	snar	aryl_halide,secondary_alcohol	[A:1]-[A:101]-[A:102]		c1c(Br)cccc1.C(C)(O)C>>c1(ccccc1)OC(C)C	Aryl halide displaced by a secondary alcohol (SNAr)
62	snar	aryl_halide,tertiary_alcohol	[A:1]-[A:101]-[A:102]		c1c(Br)cccc1.C(C)(O)(C)C>>c1cccc(OC(C)(C)C)c1	Aryl halide displaced by a tertiary alcohol (SNAr)
63	snar	aryl_sulfonate,primary_alcohol	[A:1]-[A:101]-[A:102]		O=S(C(F)(F)F)(Oc1ccccc1)=O.C(C)O>>O(c1ccccc1)CC	Aryl sulfonate displaced by a primary alcohol (SNAr)
64	snar	aryl_sulfonate,secondary_alcohol	[A:1]-[A:101]-[A:102]		O=S(C(F)(F)F)(Oc1ccccc1)=O.C(C)(O)C>>c1(ccccc1)OC(C)C	Aryl sulfonate displaced by a secondary alcohol (SNAr)
65	snar	aryl_sulfonate,tertiary_alcohol	[A:1]-[A:101]-[A:102]		O=S(C(F)(F)F)(Oc1ccccc1)=O.C(C)(O)(C)C>>c1cccc(OC(C)(C)C)c1	Aryl sulfonate displaced by a tertiary alcohol (SNAr)
66	snar	aryl_fluoride,primary_amine	[A:1]-[A:101]-[A:102]		c1c(F)cccc1.C(C)N>>N(c1ccccc1)CC	Activated aryl fluoride displaced by a primary amine (SNAr)
67	snar	aryl_fluoride,primary_aniline	[A:1]-[A:101]-[A:102]		c1c(F)cccc1.c1c(N)cccc1>>c1(Nc2ccccc2)ccccc1	Activated aryl fluoride displaced by a primary aniline (SNAr)
68	snar	aryl_fluoride,secondary_amine	[A:1]-[A:101](-[A:102])-[A:103]		c1c(F)cccc1.CNC>>N(C)(c1ccccc1)C	Activated aryl fluoride displaced by a secondary amine (SNAr)
69	snar	aryl_fluoride,secondary_aniline	[A:1]-[A:101](-[A:102])-[A:103]		c1c(F)cccc1.c1cc(NC)ccc1>>c1cccc(c1)N(C)c1ccccc1	Activated aryl fluoride displaced by a secondary aniline (SNAr)
70	snar	aryl_fluoride,aziridine_nh	[A:1]-[A:101]		c1c(F)cccc1.C1NC1>>c1cc(ccc1)N1CC1	Activated aryl fluoride displaced by an aziridine NH (SNAr)
71	snar	aryl_fluoride,primary_amide	[A:1]-[A:101]-[A:102]=[A:103]		c1c(F)cccc1.C(N)=O>>c1cccc(NC=O)c1	Activated aryl fluoride displaced by a primary amide (SNAr)
72	snar	aryl_fluoride,secondary_amide	[A:1]-[A:101]-[A:102]=[A:103]		c1c(F)cccc1.C(NC)=O>>C(=O)N(C)c1ccccc1	Activated aryl fluoride displaced by a secondary amide (SNAr)
73	snar	aryl_fluoride,phenol	[A:1]-[A:101]-[A:102]		c1c(F)cccc1.c1c(O)cccc1>>c1(Oc2ccccc2)ccccc1	Activated aryl fluoride displaced by a phenol (SNAr)
74	snar	aryl_fluoride,thiol	[A:1]-[A:101]-[A:102]		c1c(F)cccc1.C(C)S>>S(c1ccccc1)CC	Activated aryl fluoride displaced by an alkyl thiol (SNAr)
# --- cross-electrophile coupling, where both partners are electrophiles -------------------------
75	xec	aryl_halide,alkyl_halide	[A:1]-[A;&1:101]		c1c(Br)cccc1.CCC(Br)C>>c1cc(ccc1)[C@H](C)CC |&1:6|	Aryl halide and alkyl halide coupled (cross-electrophile)
76	xec	aryl_sulfonate,alkyl_halide	[A:1]-[A;&1:101]		O=S(C(F)(F)F)(Oc1ccccc1)=O.CCC(Br)C>>c1cc(ccc1)[C@H](C)CC |&1:6|	Aryl sulfonate and alkyl halide coupled (cross-electrophile)
# --- aryl-O and aryl-S coupling -----------------------------------------------------------------
77	ullmann_phenol	aryl_halide,phenol	[A:1]-[A:101]-[A:102]		c1c(Br)cccc1.c1c(O)cccc1>>c1(Oc2ccccc2)ccccc1	Aryl halide and a phenol, giving the diaryl ether (Ullmann)
78	ullmann_phenol	aryl_sulfonate,phenol	[A:1]-[A:101]-[A:102]		O=S(C(F)(F)F)(Oc1ccccc1)=O.c1c(O)cccc1>>c1(Oc2ccccc2)ccccc1	Aryl sulfonate and a phenol, giving the diaryl ether (Ullmann)
79	thioetherification	aryl_halide,thiol	[A:1]-[A:101]-[A:102]		c1c(Br)cccc1.C(C)S>>S(c1ccccc1)CC	Aryl halide and a thiol, giving the aryl thioether
80	thioetherification	aryl_halide,aryl_thiol	[A:1]-[A:101]-[A:102]		c1c(Br)cccc1.c1c(S)cccc1>>c1(Sc2ccccc2)ccccc1	Aryl halide and an aryl thiol, giving the diaryl thioether
81	thioetherification	aryl_sulfonate,thiol	[A:1]-[A:101]-[A:102]		O=S(C(F)(F)F)(Oc1ccccc1)=O.C(C)S>>S(c1ccccc1)CC	Aryl sulfonate and a thiol, giving the aryl thioether
82	thioetherification	aryl_sulfonate,aryl_thiol	[A:1]-[A:101]-[A:102]		O=S(C(F)(F)F)(Oc1ccccc1)=O.c1c(S)cccc1>>c1(Sc2ccccc2)ccccc1	Aryl sulfonate and an aryl thiol, giving the diaryl thioether
# --- the lactam oxygen as the nucleophile -------------------------------------------------------
# `azinone` numbers a ring atom besides the O, so these product sides restate it with the bond it
# already has: a product naming only the O deletes it and opens the ring.
83	snar	aryl_fluoride,azinone	[A:1]-[A:101]-[A:102](-[A:103])=[A:104]		c1c(F)cccc1.C1(Nc2c(C=C1)cccc2)=O>>n1c2c(cccc2)ccc1Oc1ccccc1	Activated aryl fluoride displaced by the lactam O of an azinone, giving the O-aryl azine (SNAr)
84	ullmann_phenol	aryl_halide,azinone	[A:1]-[A:101]-[A:102](-[A:103])=[A:104]		c1c(Br)cccc1.C1(Nc2c(C=C1)cccc2)=O>>n1c2c(cccc2)ccc1Oc1ccccc1	Aryl halide and the lactam O of an azinone, giving the O-aryl azine (Ullmann)
85	ullmann_phenol	aryl_sulfonate,azinone	[A:1]-[A:101]-[A:102](-[A:103])=[A:104]		O=S(C(F)(F)F)(Oc1ccccc1)=O.C1(Nc2c(C=C1)cccc2)=O>>n1c2c(cccc2)ccc1Oc1ccccc1	Aryl sulfonate and the lactam O of an azinone, giving the O-aryl azine (Ullmann)
#
# --- the metal-mediated C-C couplings, by the nucleophilic partner ------------------------------
86	stille	aryl_halide,aryl_stannane	[A:1]-[A:101]		c1c(Br)cccc1.c1(ccccc1)[Sn](C)(C)C>>c1cc(-c2ccccc2)ccc1	Aryl halide and an aryl stannane, giving the biaryl (Stille)
87	stille	aryl_halide,alkenyl_stannane	[A:1]-[A@=:101]=[A:102]		c1c(Br)cccc1.C/C=C/[Sn](C)(C)C>>c1cccc(/C=C/C)c1	Aryl halide and an alkenyl stannane, giving the styrene (Stille)
88	stille	aryl_halide,alkyl_stannane	[A:1]-[A:101]		c1c(Br)cccc1.C([Sn](C)(C)C)CCC>>C(CC)Cc1ccccc1	Aryl halide and an alkyl stannane, giving the alkylarene (Stille)
89	stille	aryl_sulfonate,aryl_stannane	[A:1]-[A:101]		O=S(C(F)(F)F)(Oc1ccccc1)=O.c1(ccccc1)[Sn](C)(C)C>>c1cc(-c2ccccc2)ccc1	Aryl sulfonate and an aryl stannane, giving the biaryl (Stille)
90	stille	aryl_sulfonate,alkenyl_stannane	[A:1]-[A@=:101]=[A:102]		O=S(C(F)(F)F)(Oc1ccccc1)=O.C/C=C/[Sn](C)(C)C>>c1cccc(/C=C/C)c1	Aryl sulfonate and an alkenyl stannane, giving the styrene (Stille)
91	stille	aryl_sulfonate,alkyl_stannane	[A:1]-[A:101]		O=S(C(F)(F)F)(Oc1ccccc1)=O.C([Sn](C)(C)C)CCC>>C(CC)Cc1ccccc1	Aryl sulfonate and an alkyl stannane, giving the alkylarene (Stille)
# --- the couplings that lose an atom by absence: the alcohol oxygen, and CO2 --------------------
92	deoxygenative_coupling	primary_alcohol,aryl_halide	[A:2]-[A:101]		C(C)O.c1c(Br)cccc1>>c1cc(CC)ccc1	Primary alcohol and an aryl halide coupled, losing the oxygen
93	deoxygenative_coupling	primary_alcohol,aryl_sulfonate	[A:2]-[A:101]		C(C)O.O=S(C(F)(F)F)(Oc1ccccc1)=O>>c1cc(CC)ccc1	Primary alcohol and an aryl sulfonate coupled, losing the oxygen
94	deoxygenative_coupling	secondary_alcohol,aryl_halide	[A;&1:2]-[A:101]		CCC(O)C.c1c(Br)cccc1>>c1cc(ccc1)[C@H](C)CC |&1:6|	Secondary alcohol and an aryl halide coupled, losing the oxygen
95	deoxygenative_coupling	secondary_alcohol,aryl_sulfonate	[A;&1:2]-[A:101]		CCC(O)C.O=S(C(F)(F)F)(Oc1ccccc1)=O>>c1cc(ccc1)[C@H](C)CC |&1:6|	Secondary alcohol and an aryl sulfonate coupled, losing the oxygen
96	deoxygenative_coupling	tertiary_alcohol,aryl_halide	[A;&1:2]-[A:101]		CCC(C)(O)CCC.c1c(Br)cccc1>>c1cccc([C@@](C)(CC)CCC)c1 |&1:5|	Tertiary alcohol and an aryl halide coupled, losing the oxygen
97	deoxygenative_coupling	tertiary_alcohol,aryl_sulfonate	[A;&1:2]-[A:101]		CCC(C)(O)CCC.O=S(C(F)(F)F)(Oc1ccccc1)=O>>c1cccc([C@@](C)(CC)CCC)c1 |&1:5|	Tertiary alcohol and an aryl sulfonate coupled, losing the oxygen
98	decarboxylative_coupling	alkyl_carboxylic_acid,aryl_halide	[A;&1:3]-[A:101]		CCC(C)C(=O)O.c1c(Br)cccc1>>c1cc(ccc1)[C@H](C)CC |&1:6|	Alkyl carboxylic acid and an aryl halide coupled, losing CO2
99	decarboxylative_coupling	alkyl_carboxylic_acid,aryl_sulfonate	[A;&1:3]-[A:101]		CCC(C)C(=O)O.O=S(C(F)(F)F)(Oc1ccccc1)=O>>c1cc(ccc1)[C@H](C)CC |&1:6|	Alkyl carboxylic acid and an aryl sulfonate coupled, losing CO2
100	decarboxylative_coupling	aryl_carboxylic_acid,aryl_halide	[A:3]-[A:101]		c1(ccccc1)C(=O)O.c1c(Br)cccc1>>c1cc(-c2ccccc2)ccc1	Aryl carboxylic acid and an aryl halide coupled, losing CO2
101	decarboxylative_coupling	aryl_carboxylic_acid,aryl_sulfonate	[A:3]-[A:101]		c1(ccccc1)C(=O)O.O=S(C(F)(F)F)(Oc1ccccc1)=O>>c1cc(-c2ccccc2)ccc1	Aryl carboxylic acid and an aryl sulfonate coupled, losing CO2
102	decarboxylative_coupling	redox_active_ester,aryl_halide	[A;&1:1]-[A:101]		O(N1C(CCC1=O)=O)C(=O)C(C)CC.c1c(Br)cccc1>>c1cc(ccc1)[C@@H](C)CC |&1:6|	Redox-active ester and an aryl halide coupled, losing CO2
103	decarboxylative_coupling	redox_active_ester,aryl_sulfonate	[A;&1:1]-[A:101]		O(N1C(CCC1=O)=O)C(=O)C(C)CC.O=S(C(F)(F)F)(Oc1ccccc1)=O>>c1cc(ccc1)[C@@H](C)CC |&1:6|	Redox-active ester and an aryl sulfonate coupled, losing CO2
# --- the organometallic nucleophiles ------------------------------------------------------------
104	negishi	aryl_halide,alkyl_zinc	[A:1]-[A:101]		c1c(Br)cccc1.C(C)[Zn]Br>>c1cc(CC)ccc1	Aryl halide and an alkyl organozinc, giving the alkylarene (Negishi)
105	negishi	aryl_halide,aryl_zinc	[A:1]-[A:101]		c1c(Br)cccc1.c1cc([Zn]Br)ccc1>>c1cc(-c2ccccc2)ccc1	Aryl halide and an aryl organozinc, giving the biaryl (Negishi)
106	negishi	aryl_halide,alkenyl_zinc	[A:1]-[A@=:101]=[A:102]		c1c(Br)cccc1.C/C=C/[Zn]Br>>c1cccc(/C=C/C)c1	Aryl halide and an alkenyl organozinc, giving the styrene (Negishi)
107	negishi	aryl_sulfonate,alkyl_zinc	[A:1]-[A:101]		O=S(C(F)(F)F)(Oc1ccccc1)=O.C(C)[Zn]Br>>c1cc(CC)ccc1	Aryl sulfonate and an alkyl organozinc, giving the alkylarene (Negishi)
108	negishi	aryl_sulfonate,aryl_zinc	[A:1]-[A:101]		O=S(C(F)(F)F)(Oc1ccccc1)=O.c1cc([Zn]Br)ccc1>>c1cc(-c2ccccc2)ccc1	Aryl sulfonate and an aryl organozinc, giving the biaryl (Negishi)
109	negishi	aryl_sulfonate,alkenyl_zinc	[A:1]-[A@=:101]=[A:102]		O=S(C(F)(F)F)(Oc1ccccc1)=O.C/C=C/[Zn]Br>>c1cccc(/C=C/C)c1	Aryl sulfonate and an alkenyl organozinc, giving the styrene (Negishi)
110	heck	aryl_halide,terminal_alkene	[A:1]-[A:101]=[A:102]		c1c(Br)cccc1.C(CC)=C>>C(CC)=Cc1ccccc1	Aryl halide and a terminal alkene, giving the styrene (Heck)
111	heck	aryl_halide,alkene	[A:1]-[A:101]=[A:102]		c1c(Br)cccc1.C(C)=CC>>c1cccc(C(C)=CC)c1	Aryl halide and an internal alkene, giving the arylated alkene (Heck)
112	heck	aryl_sulfonate,terminal_alkene	[A:1]-[A:101]=[A:102]		O=S(C(F)(F)F)(Oc1ccccc1)=O.C(CC)=C>>C(CC)=Cc1ccccc1	Aryl sulfonate and a terminal alkene, giving the styrene (Heck)
113	heck	aryl_sulfonate,alkene	[A:1]-[A:101]=[A:102]		O=S(C(F)(F)F)(Oc1ccccc1)=O.C(C)=CC>>c1cccc(C(C)=CC)c1	Aryl sulfonate and an internal alkene, giving the arylated alkene (Heck)
114	kumada	aryl_halide,alkyl_grignard	[A:1]-[A;&1:101]		c1c(Br)cccc1.C[C@H](CC)[Mg]Br>>c1cc(ccc1)[C@H](C)CC |&1:6|	Aryl halide and an alkyl Grignard, giving the alkylarene (Kumada)
115	kumada	aryl_halide,aryl_grignard	[A:1]-[A:101]		c1c(Br)cccc1.c1cc([Mg]Br)ccc1>>c1cc(-c2ccccc2)ccc1	Aryl halide and an aryl Grignard, giving the biaryl (Kumada)
116	kumada	aryl_halide,alkenyl_grignard	[A:1]-[A@=:101]=[A:102]		c1c(Br)cccc1.C/C=C/[Mg]Br>>c1cccc(/C=C/C)c1	Aryl halide and an alkenyl Grignard, giving the styrene (Kumada)
117	kumada	aryl_sulfonate,alkyl_grignard	[A:1]-[A;&1:101]		O=S(C(F)(F)F)(Oc1ccccc1)=O.C[C@H](CC)[Mg]Br>>c1cc(ccc1)[C@H](C)CC |&1:6|	Aryl sulfonate and an alkyl Grignard, giving the alkylarene (Kumada)
118	kumada	aryl_sulfonate,aryl_grignard	[A:1]-[A:101]		O=S(C(F)(F)F)(Oc1ccccc1)=O.c1cc([Mg]Br)ccc1>>c1cc(-c2ccccc2)ccc1	Aryl sulfonate and an aryl Grignard, giving the biaryl (Kumada)
119	kumada	aryl_sulfonate,alkenyl_grignard	[A:1]-[A@=:101]=[A:102]		O=S(C(F)(F)F)(Oc1ccccc1)=O.C/C=C/[Mg]Br>>c1cccc(/C=C/C)c1	Aryl sulfonate and an alkenyl Grignard, giving the styrene (Kumada)
#
# --- Cu-mediated N-arylation of an azole, including the activated lactam electrophiles ----------
# The `pyrazole` and `imidazole` product sides restate the ring atoms between the two nitrogens:
# the new bond goes to the `h0` nitrogen and the H moves to the other, and a derived hydrogen
# count makes the two spellings one molecule.
120	ullmann_pyrrole	aryl_fluoride,pyrrole	[A:1]-[A:101]		c1c(F)cccc1.c1c[nH]cc1>>n1(cccc1)-c1ccccc1	Activated aryl fluoride N-arylating a pyrrole (Ullmann)
121	ullmann_pyrrole	aryl_fluoride,pyrazole	[A:1]-[A:102]:[A:101]		c1c(F)cccc1.n1[nH]ccc1>>c1ccn(-c2ccccc2)n1	Activated aryl fluoride N-arylating a pyrazole (Ullmann)
122	ullmann_pyrrole	aryl_fluoride,imidazole	[A:1]-[A:103]:[A:102]:[A:101]		c1c(F)cccc1.n1c[nH]cc1>>n1ccn(-c2ccccc2)c1	Activated aryl fluoride N-arylating an imidazole (Ullmann)
123	ullmann_pyrrole	aryl_halide,pyrrole	[A:1]-[A:101]		c1c(Br)cccc1.c1c[nH]cc1>>n1(cccc1)-c1ccccc1	Aryl halide N-arylating a pyrrole (Ullmann)
124	ullmann_pyrrole	aryl_halide,pyrazole	[A:1]-[A:102]:[A:101]		c1c(Br)cccc1.n1[nH]ccc1>>c1ccn(-c2ccccc2)n1	Aryl halide N-arylating a pyrazole (Ullmann)
125	ullmann_pyrrole	aryl_halide,imidazole	[A:1]-[A:103]:[A:102]:[A:101]		c1c(Br)cccc1.n1c[nH]cc1>>n1ccn(-c2ccccc2)c1	Aryl halide N-arylating an imidazole (Ullmann)
126	ullmann_pyrrole	aryl_sulfonate,pyrrole	[A:1]-[A:101]		O=S(C(F)(F)F)(Oc1ccccc1)=O.c1c[nH]cc1>>n1(cccc1)-c1ccccc1	Aryl sulfonate N-arylating a pyrrole (Ullmann)
127	ullmann_pyrrole	aryl_sulfonate,pyrazole	[A:1]-[A:102]:[A:101]		O=S(C(F)(F)F)(Oc1ccccc1)=O.n1[nH]ccc1>>c1ccn(-c2ccccc2)n1	Aryl sulfonate N-arylating a pyrazole (Ullmann)
128	ullmann_pyrrole	aryl_sulfonate,imidazole	[A:1]-[A:103]:[A:102]:[A:101]		O=S(C(F)(F)F)(Oc1ccccc1)=O.n1c[nH]cc1>>n1ccn(-c2ccccc2)c1	Aryl sulfonate N-arylating an imidazole (Ullmann)
129	ullmann_pyrrole	lactam_1_halide,pyrrole	[A:1]-[A:101]		C=1C(=O)N(C)C=CC=1Cl.c1c[nH]cc1>>n1(cccc1)C1=CC(N(C=C1)C)=O	Azine lactam halide at C4 of a 2-pyridinone N-arylating a pyrrole (Ullmann)
130	ullmann_pyrrole	lactam_1_halide,pyrazole	[A:1]-[A:102]:[A:101]		C=1C(=O)N(C)C=CC=1Cl.n1[nH]ccc1>>C=1(n2nccc2)C=CN(C)C(=O)C=1	Azine lactam halide at C4 of a 2-pyridinone N-arylating a pyrazole (Ullmann)
131	ullmann_pyrrole	lactam_1_halide,imidazole	[A:1]-[A:103]:[A:102]:[A:101]		C=1C(=O)N(C)C=CC=1Cl.n1c[nH]cc1>>n1(cncc1)C1=CC(N(C=C1)C)=O	Azine lactam halide at C4 of a 2-pyridinone N-arylating an imidazole (Ullmann)
132	ullmann_pyrrole	lactam_2_halide,pyrrole	[A:1]-[A:101]		N1(C)C(=O)C=CC=C1Cl.c1c[nH]cc1>>C1(N(C(n2cccc2)=CC=C1)C)=O	Azine lactam halide at C6 of a 2-pyridinone N-arylating a pyrrole (Ullmann)
133	ullmann_pyrrole	lactam_2_halide,pyrazole	[A:1]-[A:102]:[A:101]		N1(C)C(=O)C=CC=C1Cl.n1[nH]ccc1>>n1cccn1C1=CC=CC(=O)N1C	Azine lactam halide at C6 of a 2-pyridinone N-arylating a pyrazole (Ullmann)
134	ullmann_pyrrole	lactam_2_halide,imidazole	[A:1]-[A:103]:[A:102]:[A:101]		N1(C)C(=O)C=CC=C1Cl.n1c[nH]cc1>>n1ccn(C=2N(C(=O)C=CC=2)C)c1	Azine lactam halide at C6 of a 2-pyridinone N-arylating an imidazole (Ullmann)
135	ullmann_pyrrole	lactam_3_halide,pyrrole	[A:1]-[A:101]		C=1C(=O)C=CN(C)C=1Cl.c1c[nH]cc1>>C=1C(C=C(n2cccc2)N(C=1)C)=O	Azine lactam halide at C2 of a 4-pyridinone N-arylating a pyrrole (Ullmann)
136	ullmann_pyrrole	lactam_3_halide,pyrazole	[A:1]-[A:102]:[A:101]		C=1C(=O)C=CN(C)C=1Cl.n1[nH]ccc1>>C=1C(C=CN(C=1n1nccc1)C)=O	Azine lactam halide at C2 of a 4-pyridinone N-arylating a pyrazole (Ullmann)
137	ullmann_pyrrole	lactam_3_halide,imidazole	[A:1]-[A:103]:[A:102]:[A:101]		C=1C(=O)C=CN(C)C=1Cl.n1c[nH]cc1>>c1nccn1C1=CC(C=CN1C)=O	Azine lactam halide at C2 of a 4-pyridinone N-arylating an imidazole (Ullmann)
138	ullmann_pyrrole	lactam_4_halide,pyrrole	[A:1]-[A:101]		O=C1N(C)C=CC=C1Cl.c1c[nH]cc1>>c1n(C2=CC=CN(C2=O)C)ccc1	Azine lactam halide at C3 of a 2-pyridinone N-arylating a pyrrole (Ullmann)
139	ullmann_pyrrole	lactam_4_halide,pyrazole	[A:1]-[A:102]:[A:101]		O=C1N(C)C=CC=C1Cl.n1[nH]ccc1>>C=1N(C(=O)C(=CC=1)n1nccc1)C	Azine lactam halide at C3 of a 2-pyridinone N-arylating a pyrazole (Ullmann)
140	ullmann_pyrrole	lactam_4_halide,imidazole	[A:1]-[A:103]:[A:102]:[A:101]		O=C1N(C)C=CC=C1Cl.n1c[nH]cc1>>C1(C(=CC=CN1C)n1cncc1)=O	Azine lactam halide at C3 of a 2-pyridinone N-arylating an imidazole (Ullmann)
141	ullmann_pyrrole	lactam_5_halide,pyrrole	[A:1]-[A:101]		O=C1C(=CN(C)C=C1)Cl.c1c[nH]cc1>>C=1(C(=O)C=CN(C)C=1)n1cccc1	Azine lactam halide at C3 of a 4-pyridinone N-arylating a pyrrole (Ullmann)
142	ullmann_pyrrole	lactam_5_halide,pyrazole	[A:1]-[A:102]:[A:101]		O=C1C(=CN(C)C=C1)Cl.n1[nH]ccc1>>C1(=O)C=CN(C)C=C1n1nccc1	Azine lactam halide at C3 of a 4-pyridinone N-arylating a pyrazole (Ullmann)
143	ullmann_pyrrole	lactam_5_halide,imidazole	[A:1]-[A:103]:[A:102]:[A:101]		O=C1C(=CN(C)C=C1)Cl.n1c[nH]cc1>>N1(C)C=CC(=O)C(n2cncc2)=C1	Azine lactam halide at C3 of a 4-pyridinone N-arylating an imidazole (Ullmann)
144	ullmann_pyrrole	lactam_6_halide,pyrrole	[A:1]-[A:101]		C1(=CN(C)C(=O)C=C1)Cl.c1c[nH]cc1>>C1=CC(N(C=C1n1cccc1)C)=O	Azine lactam halide at C5 of a 2-pyridinone N-arylating a pyrrole (Ullmann)
145	ullmann_pyrrole	lactam_6_halide,pyrazole	[A:1]-[A:102]:[A:101]		C1(=CN(C)C(=O)C=C1)Cl.n1[nH]ccc1>>C1=C(n2cccn2)C=CC(N1C)=O	Azine lactam halide at C5 of a 2-pyridinone N-arylating a pyrazole (Ullmann)
146	ullmann_pyrrole	lactam_6_halide,imidazole	[A:1]-[A:103]:[A:102]:[A:101]		C1(=CN(C)C(=O)C=C1)Cl.n1c[nH]cc1>>C1(N(C=C(n2cncc2)C=C1)C)=O	Azine lactam halide at C5 of a 2-pyridinone N-arylating an imidazole (Ullmann)
#
# --- the carbonyl electrophile toward nitrogen: carbamates and ureas ----------------------------
147	carbamoylation	chloroformate,primary_amine	[A:3]-[A:1](=[A:2])-[A:101]-[A:102]		C(Cl)(OCC)=O.C(C)N>>C(NC(=O)OCC)C	Chloroformate carbamoylating a primary amine, giving the carbamate
148	carbamoylation	chloroformate,primary_aniline	[A:3]-[A:1](=[A:2])-[A:101]-[A:102]		C(Cl)(OCC)=O.c1c(N)cccc1>>c1cc(ccc1)NC(=O)OCC	Chloroformate carbamoylating a primary aniline, giving the carbamate
149	carbamoylation	chloroformate,secondary_amine	[A:3]-[A:1](=[A:2])-[A:101](-[A:102])-[A:103]		C(Cl)(OCC)=O.CNC>>C(OC(=O)N(C)C)C	Chloroformate carbamoylating a secondary amine, giving the carbamate
150	carbamoylation	chloroformate,secondary_aniline	[A:3]-[A:1](=[A:2])-[A:101](-[A:102])-[A:103]		C(Cl)(OCC)=O.c1cc(NC)ccc1>>c1(ccccc1)N(C(OCC)=O)C	Chloroformate carbamoylating a secondary aniline, giving the carbamate
151	carbamoylation	chloroformate,pyrrole	[A:3]-[A:1](=[A:2])-[A:101]		C(Cl)(OCC)=O.c1c[nH]cc1>>c1ccn(C(=O)OCC)c1	Chloroformate carbamoylating a pyrrole, giving the carbamate
152	carbamoylation	chloroformate,aziridine_nh	[A:3]-[A:1](=[A:2])-[A:101]		C(Cl)(OCC)=O.C1NC1>>O=C(OCC)N1CC1	Chloroformate carbamoylating an aziridine NH, giving the carbamate
153	carbamoylation	chloroformate,imidazole	[A:3]-[A:1](=[A:2])-[A:103]:[A:102]:[A:101]		C(Cl)(OCC)=O.n1c[nH]cc1>>O(C(n1ccnc1)=O)CC	Chloroformate carbamoylating an imidazole, giving the carbamate
154	carbamoylation	fluoroformate,primary_amine	[A:3]-[A:1](=[A:2])-[A:101]-[A:102]		C(F)(OCC)=O.C(C)N>>C(NC(=O)OCC)C	Fluoroformate carbamoylating a primary amine, giving the carbamate
155	carbamoylation	fluoroformate,primary_aniline	[A:3]-[A:1](=[A:2])-[A:101]-[A:102]		C(F)(OCC)=O.c1c(N)cccc1>>c1cc(ccc1)NC(=O)OCC	Fluoroformate carbamoylating a primary aniline, giving the carbamate
156	carbamoylation	fluoroformate,secondary_amine	[A:3]-[A:1](=[A:2])-[A:101](-[A:102])-[A:103]		C(F)(OCC)=O.CNC>>C(OC(=O)N(C)C)C	Fluoroformate carbamoylating a secondary amine, giving the carbamate
157	carbamoylation	fluoroformate,secondary_aniline	[A:3]-[A:1](=[A:2])-[A:101](-[A:102])-[A:103]		C(F)(OCC)=O.c1cc(NC)ccc1>>c1(ccccc1)N(C(OCC)=O)C	Fluoroformate carbamoylating a secondary aniline, giving the carbamate
158	carbamoylation	fluoroformate,pyrrole	[A:3]-[A:1](=[A:2])-[A:101]		C(F)(OCC)=O.c1c[nH]cc1>>c1ccn(C(=O)OCC)c1	Fluoroformate carbamoylating a pyrrole, giving the carbamate
159	carbamoylation	fluoroformate,aziridine_nh	[A:3]-[A:1](=[A:2])-[A:101]		C(F)(OCC)=O.C1NC1>>O=C(OCC)N1CC1	Fluoroformate carbamoylating an aziridine NH, giving the carbamate
160	carbamoylation	fluoroformate,imidazole	[A:3]-[A:1](=[A:2])-[A:103]:[A:102]:[A:101]		C(F)(OCC)=O.n1c[nH]cc1>>O(C(n1ccnc1)=O)CC	Fluoroformate carbamoylating an imidazole, giving the carbamate
161	carbamoylation	succinimidyl_carbonate,primary_amine	[A:1]-[A:2](=[A:3])-[A:101]-[A:102]		N1(C(=O)CCC1=O)OC(OCC)=O.C(C)N>>C(NC(=O)OCC)C	Succinimidyl carbonate carbamoylating a primary amine, giving the carbamate
162	carbamoylation	succinimidyl_carbonate,primary_aniline	[A:1]-[A:2](=[A:3])-[A:101]-[A:102]		N1(C(=O)CCC1=O)OC(OCC)=O.c1c(N)cccc1>>c1cc(ccc1)NC(=O)OCC	Succinimidyl carbonate carbamoylating a primary aniline, giving the carbamate
163	carbamoylation	succinimidyl_carbonate,secondary_amine	[A:1]-[A:2](=[A:3])-[A:101](-[A:102])-[A:103]		N1(C(=O)CCC1=O)OC(OCC)=O.CNC>>C(OC(=O)N(C)C)C	Succinimidyl carbonate carbamoylating a secondary amine, giving the carbamate
164	carbamoylation	succinimidyl_carbonate,secondary_aniline	[A:1]-[A:2](=[A:3])-[A:101](-[A:102])-[A:103]		N1(C(=O)CCC1=O)OC(OCC)=O.c1cc(NC)ccc1>>c1(ccccc1)N(C(OCC)=O)C	Succinimidyl carbonate carbamoylating a secondary aniline, giving the carbamate
165	carbamoylation	succinimidyl_carbonate,pyrrole	[A:1]-[A:2](=[A:3])-[A:101]		N1(C(=O)CCC1=O)OC(OCC)=O.c1c[nH]cc1>>c1ccn(C(=O)OCC)c1	Succinimidyl carbonate carbamoylating a pyrrole, giving the carbamate
166	carbamoylation	succinimidyl_carbonate,aziridine_nh	[A:1]-[A:2](=[A:3])-[A:101]		N1(C(=O)CCC1=O)OC(OCC)=O.C1NC1>>O=C(OCC)N1CC1	Succinimidyl carbonate carbamoylating an aziridine NH, giving the carbamate
167	carbamoylation	succinimidyl_carbonate,imidazole	[A:1]-[A:2](=[A:3])-[A:103]:[A:102]:[A:101]		N1(C(=O)CCC1=O)OC(OCC)=O.n1c[nH]cc1>>O(C(n1ccnc1)=O)CC	Succinimidyl carbonate carbamoylating an imidazole, giving the carbamate
168	carbamoylation	aryl_carbonate,primary_amine	[A:1]-[A:2](=[A:3])-[A:101]-[A:102]		C(Oc1ccccc1)(=O)OCC.C(C)N>>C(NC(=O)OCC)C	Aryl carbonate carbamoylating a primary amine, giving the carbamate
169	carbamoylation	aryl_carbonate,primary_aniline	[A:1]-[A:2](=[A:3])-[A:101]-[A:102]		C(Oc1ccccc1)(=O)OCC.c1c(N)cccc1>>c1cc(ccc1)NC(=O)OCC	Aryl carbonate carbamoylating a primary aniline, giving the carbamate
170	carbamoylation	aryl_carbonate,secondary_amine	[A:1]-[A:2](=[A:3])-[A:101](-[A:102])-[A:103]		C(Oc1ccccc1)(=O)OCC.CNC>>C(OC(=O)N(C)C)C	Aryl carbonate carbamoylating a secondary amine, giving the carbamate
171	carbamoylation	aryl_carbonate,secondary_aniline	[A:1]-[A:2](=[A:3])-[A:101](-[A:102])-[A:103]		C(Oc1ccccc1)(=O)OCC.c1cc(NC)ccc1>>c1(ccccc1)N(C(OCC)=O)C	Aryl carbonate carbamoylating a secondary aniline, giving the carbamate
172	carbamoylation	aryl_carbonate,pyrrole	[A:1]-[A:2](=[A:3])-[A:101]		C(Oc1ccccc1)(=O)OCC.c1c[nH]cc1>>c1ccn(C(=O)OCC)c1	Aryl carbonate carbamoylating a pyrrole, giving the carbamate
173	carbamoylation	aryl_carbonate,aziridine_nh	[A:1]-[A:2](=[A:3])-[A:101]		C(Oc1ccccc1)(=O)OCC.C1NC1>>O=C(OCC)N1CC1	Aryl carbonate carbamoylating an aziridine NH, giving the carbamate
174	carbamoylation	aryl_carbonate,imidazole	[A:1]-[A:2](=[A:3])-[A:103]:[A:102]:[A:101]		C(Oc1ccccc1)(=O)OCC.n1c[nH]cc1>>O(C(n1ccnc1)=O)CC	Aryl carbonate carbamoylating an imidazole, giving the carbamate
175	carbamoylation	imidazolyl_carbonate,primary_amine	[A:1]-[A:2](=[A:3])-[A:101]-[A:102]		O(C(n1ccnc1)=O)CC.C(C)N>>C(NC(=O)OCC)C	Imidazolyl carbonate carbamoylating a primary amine, giving the carbamate
176	carbamoylation	imidazolyl_carbonate,primary_aniline	[A:1]-[A:2](=[A:3])-[A:101]-[A:102]		O(C(n1ccnc1)=O)CC.c1c(N)cccc1>>c1cc(ccc1)NC(=O)OCC	Imidazolyl carbonate carbamoylating a primary aniline, giving the carbamate
177	carbamoylation	imidazolyl_carbonate,secondary_amine	[A:1]-[A:2](=[A:3])-[A:101](-[A:102])-[A:103]		O(C(n1ccnc1)=O)CC.CNC>>C(OC(=O)N(C)C)C	Imidazolyl carbonate carbamoylating a secondary amine, giving the carbamate
178	carbamoylation	imidazolyl_carbonate,secondary_aniline	[A:1]-[A:2](=[A:3])-[A:101](-[A:102])-[A:103]		O(C(n1ccnc1)=O)CC.c1cc(NC)ccc1>>c1(ccccc1)N(C(OCC)=O)C	Imidazolyl carbonate carbamoylating a secondary aniline, giving the carbamate
179	carbamoylation	imidazolyl_carbonate,pyrrole	[A:1]-[A:2](=[A:3])-[A:101]		O(C(n1ccnc1)=O)CC.c1c[nH]cc1>>c1ccn(C(=O)OCC)c1	Imidazolyl carbonate carbamoylating a pyrrole, giving the carbamate
180	carbamoylation	imidazolyl_carbonate,aziridine_nh	[A:1]-[A:2](=[A:3])-[A:101]		O(C(n1ccnc1)=O)CC.C1NC1>>O=C(OCC)N1CC1	Imidazolyl carbonate carbamoylating an aziridine NH, giving the carbamate
181	carbamoylation	imidazolyl_carbonate,imidazole	[A:1]-[A:2](=[A:3])-[A:103]:[A:102]:[A:101]		O(C(n1ccnc1)=O)CC.Cc1c[nH]cn1>>O(C(=O)n1c(C)cnc1)CC	Imidazolyl carbonate carbamoylating an imidazole, giving the carbamate
# Neither amine supplies the carbonyl, so the product side states it with NO map number -- which is
# how V3 spells an atom no reactant provides, and why `[C](=[O])` names its elements outright.
182	urea_from_amines	primary_amine,primary_amine	[A:1](-[A:2])-[C](=[O])-[A:101]-[A:102]		C(C)N.C(C)N>>N(CC)C(=O)NCC	Two primary amines and a carbonyl source, giving the urea
183	urea_from_amines	primary_amine,primary_aniline	[A:1](-[A:2])-[C](=[O])-[A:101]-[A:102]		C(C)N.c1c(N)cccc1>>c1c(NC(NCC)=O)cccc1	A primary amine and a primary aniline with a carbonyl source, giving the mixed urea; the slot-swapped mirror would be the same row, since slot order is not caller order
184	urea_from_amines	primary_aniline,primary_aniline	[A:1](-[A:2])-[C](=[O])-[A:101]-[A:102]		c1c(N)cccc1.c1c(N)cccc1>>C(Nc1ccccc1)(Nc1ccccc1)=O	Two primary anilines and a carbonyl source, giving the diaryl urea
185	urea_from_carbamoyl	carbamoyl_chloride,primary_amine	[A:3]-[A:1](=[A:2])-[A:101]-[A:102]		C(N(C)C)(=O)Cl.C(C)N>>O=C(NCC)N(C)C	Carbamoyl chloride and a primary amine, giving the urea
186	urea_from_carbamoyl	carbamoyl_chloride,primary_aniline	[A:3]-[A:1](=[A:2])-[A:101]-[A:102]		C(N(C)C)(=O)Cl.c1c(N)cccc1>>c1ccccc1NC(N(C)C)=O	Carbamoyl chloride and a primary aniline, giving the urea
187	urea_from_carbamoyl	carbamoyl_chloride,secondary_amine	[A:3]-[A:1](=[A:2])-[A:101](-[A:102])-[A:103]		C(N(C)C)(=O)Cl.CNC>>C(N(C)C)(N(C)C)=O	Carbamoyl chloride and a secondary amine, giving the urea
188	urea_from_carbamoyl	carbamoyl_chloride,secondary_aniline	[A:3]-[A:1](=[A:2])-[A:101](-[A:102])-[A:103]		C(N(C)C)(=O)Cl.c1cc(NC)ccc1>>c1cc(ccc1)N(C)C(=O)N(C)C	Carbamoyl chloride and a secondary aniline, giving the urea
189	urea_from_carbamoyl	carbamoyl_chloride,aziridine_nh	[A:3]-[A:1](=[A:2])-[A:101]		C(N(C)C)(=O)Cl.C1NC1>>C(N(C)C)(N1CC1)=O	Carbamoyl chloride and an aziridine NH, giving the urea
190	urea_from_carbamoyl	carbamoyl_fluoride,primary_amine	[A:3]-[A:1](=[A:2])-[A:101]-[A:102]		C(N(C)C)(=O)F.C(C)N>>O=C(NCC)N(C)C	Carbamoyl fluoride and a primary amine, giving the urea
191	urea_from_carbamoyl	carbamoyl_fluoride,primary_aniline	[A:3]-[A:1](=[A:2])-[A:101]-[A:102]		C(N(C)C)(=O)F.c1c(N)cccc1>>c1ccccc1NC(N(C)C)=O	Carbamoyl fluoride and a primary aniline, giving the urea
192	urea_from_carbamoyl	carbamoyl_fluoride,secondary_amine	[A:3]-[A:1](=[A:2])-[A:101](-[A:102])-[A:103]		C(N(C)C)(=O)F.CNC>>C(N(C)C)(N(C)C)=O	Carbamoyl fluoride and a secondary amine, giving the urea
193	urea_from_carbamoyl	carbamoyl_fluoride,secondary_aniline	[A:3]-[A:1](=[A:2])-[A:101](-[A:102])-[A:103]		C(N(C)C)(=O)F.c1cc(NC)ccc1>>c1cc(ccc1)N(C)C(=O)N(C)C	Carbamoyl fluoride and a secondary aniline, giving the urea
194	urea_from_carbamoyl	carbamoyl_fluoride,aziridine_nh	[A:3]-[A:1](=[A:2])-[A:101]		C(N(C)C)(=O)F.C1NC1>>C(N(C)C)(N1CC1)=O	Carbamoyl fluoride and an aziridine NH, giving the urea
#
# --- O-acylation and O-alkylation, and the ester opened by nitrogen -----------------------------
195	williamson	alkyl_halide,primary_alcohol	[A@~:1]-[A:101]-[A:102]		C[C@H](Br)CC.C(C)O>>C([C@H](OCC)C)C	Alkyl halide etherifying a primary alcohol (Williamson)
196	williamson	alkyl_halide,secondary_alcohol	[A@~:1]-[A:101]-[A:102]		C[C@H](Br)CC.C(C)(O)C>>C(C)(O[C@H](C)CC)C	Alkyl halide etherifying a secondary alcohol (Williamson)
197	williamson	alkyl_halide,tertiary_alcohol	[A@~:1]-[A:101]-[A:102]		C[C@H](Br)CC.C(C)(O)(C)C>>O([C@@H](CC)C)C(C)(C)C	Alkyl halide etherifying a tertiary alcohol (Williamson)
198	williamson	alkyl_sulfonate,phenol	[A@~:1]-[A:101]-[A:102]		C[C@@H](CC)OS(C)(=O)=O.c1c(O)cccc1>>c1ccccc1O[C@H](C)CC	Alkyl sulfonate etherifying a phenol (Williamson)
199	williamson	alkyl_sulfonate,primary_alcohol	[A@~:1]-[A:101]-[A:102]		C[C@@H](CC)OS(C)(=O)=O.C(C)O>>C([C@H](OCC)C)C	Alkyl sulfonate etherifying a primary alcohol (Williamson)
200	williamson	alkyl_sulfonate,secondary_alcohol	[A@~:1]-[A:101]-[A:102]		C[C@@H](CC)OS(C)(=O)=O.C(C)(O)C>>C(C)(O[C@H](C)CC)C	Alkyl sulfonate etherifying a secondary alcohol (Williamson)
201	williamson	alkyl_sulfonate,tertiary_alcohol	[A@~:1]-[A:101]-[A:102]		C[C@@H](CC)OS(C)(=O)=O.C(C)(O)(C)C>>O([C@@H](CC)C)C(C)(C)C	Alkyl sulfonate etherifying a tertiary alcohol (Williamson)
202	mitsunobu	primary_alcohol,phenol	[A:2]-[A:101]-[A:102]		C(C)O.c1c(O)cccc1>>O(c1ccccc1)CC	Primary alcohol inverted onto a phenol, giving the ether (Mitsunobu)
203	mitsunobu	primary_alcohol,carboxylic_acid	[A:2]-[A:103]-[A:101](=[A:102])		C(C)O.C(C)(=O)O>>C(C)OC(C)=O	Primary alcohol inverted onto a carboxylic acid, giving the ester (Mitsunobu)
204	mitsunobu	secondary_alcohol,phenol	[A@~:2]-[A:101]-[A:102]		C[C@H](O)CC.c1c(O)cccc1>>c1ccccc1O[C@H](C)CC	Secondary alcohol inverted onto a phenol, giving the ether (Mitsunobu)
205	mitsunobu	secondary_alcohol,carboxylic_acid	[A@~:2]-[A:103]-[A:101](=[A:102])		C[C@H](O)CC.C(C)(=O)O>>O([C@@H](CC)C)C(=O)C	Secondary alcohol inverted onto a carboxylic acid, giving the ester (Mitsunobu)
206	aminolysis	ester,primary_amine	[A:2](=[A:1])-[A:101]-[A:102]		O=C(C)OC.C(C)N>>C(=O)(NCC)C	Ester opened by a primary amine, giving the amide
207	aminolysis	ester,primary_aniline	[A:2](=[A:1])-[A:101]-[A:102]		O=C(C)OC.c1c(N)cccc1>>c1ccc(NC(=O)C)cc1	Ester opened by a primary aniline, giving the amide
208	aminolysis	ester,secondary_amine	[A:2](=[A:1])-[A:101](-[A:102])-[A:103]		O=C(C)OC.CNC>>N(C)(C(C)=O)C	Ester opened by a secondary amine, giving the amide
209	aminolysis	ester,secondary_aniline	[A:2](=[A:1])-[A:101](-[A:102])-[A:103]		O=C(C)OC.c1cc(NC)ccc1>>CN(c1ccccc1)C(C)=O	Ester opened by a secondary aniline, giving the amide
210	aminolysis	ester,aziridine_nh	[A:2](=[A:1])-[A:101]		O=C(C)OC.C1NC1>>C(C)(N1CC1)=O	Ester opened by an aziridine NH, giving the amide
211	acylation	acyl_chloride,primary_alcohol	[A:1](=[A:2])-[A:101]-[A:102]		C(C)(=O)Cl.C(C)O>>C(C)OC(C)=O	Acyl chloride esterifying a primary alcohol
212	acylation	acyl_chloride,secondary_alcohol	[A:1](=[A:2])-[A:101]-[A:102]		C(C)(=O)Cl.C(C)(O)C>>CC(OC(C)=O)C	Acyl chloride esterifying a secondary alcohol
213	acylation	acyl_chloride,phenol	[A:1](=[A:2])-[A:101]-[A:102]		C(C)(=O)Cl.c1c(O)cccc1>>c1(ccccc1)OC(C)=O	Acyl chloride esterifying a phenol
# --- the lactam oxygen as the nucleophile -------------------------------------------------------
214	williamson	alkyl_halide,azinone	[A@~:1]-[A:101]-[A:102](-[A:103])=[A:104]		C[C@H](Br)CC.C1(Nc2c(C=C1)cccc2)=O>>c1ccc2nc(ccc2c1)O[C@H](C)CC	Alkyl halide etherifying the lactam O of an azinone, giving the O-alkyl azine
215	williamson	alkyl_sulfonate,azinone	[A@~:1]-[A:101]-[A:102](-[A:103])=[A:104]		C[C@@H](CC)OS(C)(=O)=O.C1(Nc2c(C=C1)cccc2)=O>>c1ccc2nc(ccc2c1)O[C@H](C)CC	Alkyl sulfonate etherifying the lactam O of an azinone, giving the O-alkyl azine
216	mitsunobu	primary_alcohol,azinone	[A:2]-[A:101]-[A:102](-[A:103])=[A:104]		C(C)O.C1(Nc2c(C=C1)cccc2)=O>>C(Oc1ccc2c(n1)cccc2)C	Primary alcohol inverted onto the lactam O of an azinone (Mitsunobu)
217	mitsunobu	secondary_alcohol,azinone	[A@~:2]-[A:101]-[A:102](-[A:103])=[A:104]		C[C@H](O)CC.C1(Nc2c(C=C1)cccc2)=O>>c1ccc2nc(ccc2c1)O[C@H](C)CC	Secondary alcohol inverted onto the lactam O of an azinone (Mitsunobu)
218	acylation	acyl_chloride,azinone	[A:1](=[A:2])-[A:101]-[A:102](-[A:103])=[A:104]		C(C)(=O)Cl.C1(Nc2c(C=C1)cccc2)=O>>c12c(nc(cc2)OC(C)=O)cccc1	Acyl chloride acylating the lactam O of an azinone, giving the O-acyl azine
#
# --- sulfonylation, Chan-Lam amination, and the Weinreb amide in both directions ----------------
219	sulfonamide_formation	sulfonyl_chloride,primary_amine	[A:1](=[A:2])(=[A:3])-[A:101]-[A:102]		CS(=O)(Cl)=O.C(C)N>>C(C)NS(C)(=O)=O	Sulfonyl chloride and a primary amine, giving the sulfonamide
220	sulfonamide_formation	sulfonyl_chloride,primary_aniline	[A:1](=[A:2])(=[A:3])-[A:101]-[A:102]		CS(=O)(Cl)=O.c1c(N)cccc1>>c1c(NS(=O)(C)=O)cccc1	Sulfonyl chloride and a primary aniline, giving the sulfonamide
221	sulfonamide_formation	sulfonyl_chloride,secondary_amine	[A:1](=[A:2])(=[A:3])-[A:101](-[A:102])-[A:103]		CS(=O)(Cl)=O.CNC>>N(C)(S(C)(=O)=O)C	Sulfonyl chloride and a secondary amine, giving the sulfonamide
222	sulfonamide_formation	sulfonyl_chloride,secondary_aniline	[A:1](=[A:2])(=[A:3])-[A:101](-[A:102])-[A:103]		CS(=O)(Cl)=O.c1cc(NC)ccc1>>c1c(cccc1)N(C)S(C)(=O)=O	Sulfonyl chloride and a secondary aniline, giving the sulfonamide
223	sulfonamide_formation	sulfonyl_chloride,aziridine_nh	[A:1](=[A:2])(=[A:3])-[A:101]		CS(=O)(Cl)=O.C1NC1>>C1N(S(C)(=O)=O)C1	Sulfonyl chloride and an aziridine NH, giving the sulfonamide
224	sulfonamide_formation	sulfonyl_fluoride,primary_amine	[A:1](=[A:2])(=[A:3])-[A:101]-[A:102]		CS(=O)(F)=O.C(C)N>>C(C)NS(C)(=O)=O	Sulfonyl fluoride and a primary amine, giving the sulfonamide
225	sulfonamide_formation	sulfonyl_fluoride,primary_aniline	[A:1](=[A:2])(=[A:3])-[A:101]-[A:102]		CS(=O)(F)=O.c1c(N)cccc1>>c1c(NS(=O)(C)=O)cccc1	Sulfonyl fluoride and a primary aniline, giving the sulfonamide
226	sulfonamide_formation	sulfonyl_fluoride,secondary_amine	[A:1](=[A:2])(=[A:3])-[A:101](-[A:102])-[A:103]		CS(=O)(F)=O.CNC>>N(C)(S(C)(=O)=O)C	Sulfonyl fluoride and a secondary amine, giving the sulfonamide
227	sulfonamide_formation	sulfonyl_fluoride,secondary_aniline	[A:1](=[A:2])(=[A:3])-[A:101](-[A:102])-[A:103]		CS(=O)(F)=O.c1cc(NC)ccc1>>c1c(cccc1)N(C)S(C)(=O)=O	Sulfonyl fluoride and a secondary aniline, giving the sulfonamide
228	sulfonamide_formation	sulfonyl_fluoride,aziridine_nh	[A:1](=[A:2])(=[A:3])-[A:101]		CS(=O)(F)=O.C1NC1>>C1N(S(C)(=O)=O)C1	Sulfonyl fluoride and an aziridine NH, giving the sulfonamide
# The amide nitrogen sulfonylates too, and the product side restates the carbonyl so it survives.
229	sulfonamide_formation	sulfonyl_chloride,primary_amide	[A:1](=[A:2])(=[A:3])-[A:101]-[A:102]=[A:103]		CS(=O)(Cl)=O.C(N)=O>>C(NS(C)(=O)=O)=O	Sulfonyl chloride on the nitrogen of a primary amide, giving the N-sulfonyl amide
230	sulfonamide_formation	sulfonyl_chloride,secondary_amide	[A:1](=[A:2])(=[A:3])-[A:101]-[A:102]=[A:103]		CS(=O)(Cl)=O.C(NC)=O>>C(N(C)S(C)(=O)=O)=O	Sulfonyl chloride on the nitrogen of a secondary amide, giving the N-sulfonyl amide
231	sulfonamide_formation	sulfonyl_fluoride,primary_amide	[A:1](=[A:2])(=[A:3])-[A:101]-[A:102]=[A:103]		CS(=O)(F)=O.C(N)=O>>C(NS(C)(=O)=O)=O	Sulfonyl fluoride on the nitrogen of a primary amide, giving the N-sulfonyl amide
232	sulfonamide_formation	sulfonyl_fluoride,secondary_amide	[A:1](=[A:2])(=[A:3])-[A:101]-[A:102]=[A:103]		CS(=O)(F)=O.C(NC)=O>>C(N(C)S(C)(=O)=O)=O	Sulfonyl fluoride on the nitrogen of a secondary amide, giving the N-sulfonyl amide
233	weinreb_amidation	carboxylic_acid,NO_dialkylhydroxylamine	[A:1](=[A:2])-[A:101](-[A:102])-[A:103]-[A:104]		C(C)(=O)O.N(C)OC>>N(C)(OC)C(C)=O	Carboxylic acid and an N,O-dialkylhydroxylamine, giving the Weinreb amide
234	weinreb_amidation	acyl_chloride,NO_dialkylhydroxylamine	[A:1](=[A:2])-[A:101](-[A:102])-[A:103]-[A:104]		C(C)(=O)Cl.N(C)OC>>N(C)(OC)C(C)=O	Acyl chloride and an N,O-dialkylhydroxylamine, giving the Weinreb amide
235	chan_lam	aryl_boronic_acid,primary_amine	[A:1]-[A:101]-[A:102]		B(O)(c1ccccc1)O.C(C)N>>N(c1ccccc1)CC	Aryl boronic acid arylating a primary amine (Chan-Lam)
236	chan_lam	aryl_boronic_acid,primary_aniline	[A:1]-[A:101]-[A:102]		B(O)(c1ccccc1)O.c1c(N)cccc1>>c1(Nc2ccccc2)ccccc1	Aryl boronic acid arylating a primary aniline (Chan-Lam)
237	chan_lam	aryl_boronic_acid,secondary_amine	[A:1]-[A:101](-[A:102])-[A:103]		B(O)(c1ccccc1)O.CNC>>N(C)(c1ccccc1)C	Aryl boronic acid arylating a secondary amine (Chan-Lam)
238	chan_lam	aryl_boronic_acid,secondary_aniline	[A:1]-[A:101](-[A:102])-[A:103]		B(O)(c1ccccc1)O.c1cc(NC)ccc1>>c1cccc(c1)N(C)c1ccccc1	Aryl boronic acid arylating a secondary aniline (Chan-Lam)
239	chan_lam	aryl_boronic_acid,aziridine_nh	[A:1]-[A:101]		B(O)(c1ccccc1)O.C1NC1>>c1cc(ccc1)N1CC1	Aryl boronic acid arylating an aziridine NH (Chan-Lam)
240	chan_lam	aryl_boronic_acid,phenol	[A:1]-[A:101]-[A:102]		B(O)(c1ccccc1)O.c1c(O)cccc1>>c1(Oc2ccccc2)ccccc1	Aryl boronic acid arylating a phenol, giving the diaryl ether (Chan-Lam)
241	chan_lam	aryl_boronic_ester,primary_amine	[A:1]-[A:101]-[A:102]		CC1(OB(c2ccccc2)OC1(C)C)C.C(C)N>>N(c1ccccc1)CC	Aryl boronic ester arylating a primary amine (Chan-Lam)
242	chan_lam	aryl_boronic_ester,primary_aniline	[A:1]-[A:101]-[A:102]		CC1(OB(c2ccccc2)OC1(C)C)C.c1c(N)cccc1>>c1(Nc2ccccc2)ccccc1	Aryl boronic ester arylating a primary aniline (Chan-Lam)
243	chan_lam	aryl_boronic_ester,secondary_amine	[A:1]-[A:101](-[A:102])-[A:103]		CC1(OB(c2ccccc2)OC1(C)C)C.CNC>>N(C)(c1ccccc1)C	Aryl boronic ester arylating a secondary amine (Chan-Lam)
244	chan_lam	aryl_boronic_ester,secondary_aniline	[A:1]-[A:101](-[A:102])-[A:103]		CC1(OB(c2ccccc2)OC1(C)C)C.c1cc(NC)ccc1>>c1cccc(c1)N(C)c1ccccc1	Aryl boronic ester arylating a secondary aniline (Chan-Lam)
245	chan_lam	aryl_boronic_ester,aziridine_nh	[A:1]-[A:101]		CC1(OB(c2ccccc2)OC1(C)C)C.C1NC1>>c1cc(ccc1)N1CC1	Aryl boronic ester arylating an aziridine NH (Chan-Lam)
246	chan_lam	aryl_boronic_ester,phenol	[A:1]-[A:101]-[A:102]		CC1(OB(c2ccccc2)OC1(C)C)C.c1c(O)cccc1>>c1(Oc2ccccc2)ccccc1	Aryl boronic ester arylating a phenol, giving the diaryl ether (Chan-Lam)
247	weinreb	weinreb_amide,alkyl_grignard	[A:1]=[A:2]-[A:101]		N(C)(OC)C(C)=O.C(C)[Mg]Br>>C(C)C(C)=O	Weinreb amide and an alkyl Grignard, giving the ketone
248	weinreb	weinreb_amide,aryl_grignard	[A:1]=[A:2]-[A:101]		N(C)(OC)C(C)=O.c1cc([Mg]Br)ccc1>>c1(C(C)=O)ccccc1	Weinreb amide and an aryl Grignard, giving the ketone
249	weinreb	ester,alkyl_grignard	[A:1]=[A:2]-[A:101]		O=C(C)OC.C(C)[Mg]Br>>C(C)C(C)=O	Ester and an alkyl Grignard, giving the ketone
250	weinreb	ester,aryl_grignard	[A:1]=[A:2]-[A:101]		O=C(C)OC.c1cc([Mg]Br)ccc1>>c1(C(C)=O)ccccc1	Ester and an aryl Grignard, giving the ketone
251	weinreb	acyl_chloride,alkyl_grignard	[A:2]=[A:1]-[A:101]		C(C)(=O)Cl.C(C)[Mg]Br>>C(C)C(C)=O	Acyl chloride and an alkyl Grignard, giving the ketone
252	weinreb	acyl_chloride,aryl_grignard	[A:2]=[A:1]-[A:101]		C(C)(=O)Cl.c1cc([Mg]Br)ccc1>>c1(C(C)=O)ccccc1	Acyl chloride and an aryl Grignard, giving the ketone
253	hydrazide_formation	carboxylic_acid,alkyl_hydrazine	[A:1](=[A:2])-[A:101]-[A:102]-[A:103]		C(C)(=O)O.C(C)NN>>N(NCC)C(=O)C	Carboxylic acid and an alkyl hydrazine, giving the hydrazide
254	hydrazide_formation	carboxylic_acid,aryl_hydrazine	[A:1](=[A:2])-[A:101]-[A:102]-[A:103]		C(C)(=O)O.c1cc(NN)ccc1>>c1(ccccc1)NNC(C)=O	Carboxylic acid and an aryl hydrazine, giving the hydrazide
255	hydrazide_formation	acyl_chloride,alkyl_hydrazine	[A:1](=[A:2])-[A:101]-[A:102]-[A:103]		C(C)(=O)Cl.C(C)NN>>N(NCC)C(=O)C	Acyl chloride and an alkyl hydrazine, giving the hydrazide
256	hydrazide_formation	acyl_chloride,aryl_hydrazine	[A:1](=[A:2])-[A:101]-[A:102]-[A:103]		C(C)(=O)Cl.c1cc(NN)ccc1>>c1(ccccc1)NNC(C)=O	Acyl chloride and an aryl hydrazine, giving the hydrazide
# --- the lactam oxygen as the nucleophile -------------------------------------------------------
257	chan_lam	aryl_boronic_acid,azinone	[A:1]-[A:101]-[A:102](-[A:103])=[A:104]		B(O)(c1ccccc1)O.C1(Nc2c(C=C1)cccc2)=O>>n1c2c(cccc2)ccc1Oc1ccccc1	Aryl boronic acid arylating the lactam O of an azinone, giving the O-aryl azine (Chan-Lam)
258	chan_lam	aryl_boronic_ester,azinone	[A:1]-[A:101]-[A:102](-[A:103])=[A:104]		CC1(OB(c2ccccc2)OC1(C)C)C.C1(Nc2c(C=C1)cccc2)=O>>n1c2c(cccc2)ccc1Oc1ccccc1	Aryl boronic ester arylating the lactam O of an azinone, giving the O-aryl azine (Chan-Lam)
#
# --- the carbonyl as electrophile: reductive amination, addition, olefination, condensation -----
259	reductive_amination	aldehyde,primary_amine	[A:2]-[A:101]-[A:102]		C(CC)=O.C(C)N>>C(CC)NCC	Aldehyde and a primary amine, reduced to the secondary amine
260	reductive_amination	aldehyde,primary_aniline	[A:2]-[A:101]-[A:102]		C(CC)=O.c1c(N)cccc1>>c1cccc(c1)NCCC	Aldehyde and a primary aniline, reduced to the secondary arylamine
261	reductive_amination	aldehyde,secondary_amine	[A:2]-[A:101](-[A:102])-[A:103]		C(CC)=O.CNC>>C(N(C)C)CC	Aldehyde and a secondary amine, reduced to the tertiary amine
262	reductive_amination	aldehyde,secondary_aniline	[A:2]-[A:101](-[A:102])-[A:103]		C(CC)=O.c1cc(NC)ccc1>>c1ccc(N(CCC)C)cc1	Aldehyde and a secondary aniline, reduced to the tertiary arylamine
263	reductive_amination	aldehyde,aziridine_nh	[A:2]-[A:101]		C(CC)=O.C1NC1>>C1N(CCC)C1	Aldehyde and an aziridine NH, reduced to the N-alkyl aziridine
264	reductive_amination	ketone,primary_amine	[A;&1:2]-[A:101]-[A:102]		C(C)(=O)CC.C(C)N>>C([C@@H](NCC)C)C |&1:1|	Ketone and a primary amine, reduced to the secondary amine
265	reductive_amination	ketone,primary_aniline	[A;&1:2]-[A:101]-[A:102]		C(C)(=O)CC.c1c(N)cccc1>>c1ccccc1N[C@@H](C)CC |&1:7|	Ketone and a primary aniline, reduced to the secondary arylamine
266	reductive_amination	ketone,secondary_amine	[A;&1:2]-[A:101](-[A:102])-[A:103]		C(C)(=O)CC.CNC>>C(C)[C@@H](N(C)C)C |&1:2|	Ketone and a secondary amine, reduced to the tertiary amine
267	reductive_amination	ketone,secondary_aniline	[A;&1:2]-[A:101](-[A:102])-[A:103]		C(C)(=O)CC.c1cc(NC)ccc1>>N(c1ccccc1)([C@H](CC)C)C |&1:7|	Ketone and a secondary aniline, reduced to the tertiary arylamine
268	reductive_amination	ketone,aziridine_nh	[A;&1:2]-[A:101]		C(C)(=O)CC.C1NC1>>C[C@H](N1CC1)CC |&1:1|	Ketone and an aziridine NH, reduced to the N-alkyl aziridine
# The four halide rows form the reagent in situ, so the halide is a slot beside the organometal.
269	grignard	alkyl_grignard,aldehyde	[A:1]-[A;&1:102]-[A:101]		C(C)[Mg]Br.C(C)=O>>C(C)[C@H](O)C |&1:2|	Alkyl Grignard adding to an aldehyde, giving the secondary alcohol
270	grignard	alkyl_grignard,ketone	[A:1]-[A;&1:102]-[A:101]		C(C)[Mg]Br.C(C)(=O)CCC>>C([C@](C)(O)CC)CC |&1:1|	Alkyl Grignard adding to a ketone, giving the tertiary alcohol
271	grignard	aryl_grignard,aldehyde	[A:1]-[A;&1:102]-[A:101]		c1cc([Mg]Br)ccc1.C(CC)=O>>c1cccc([C@@H](CC)O)c1 |&1:5|	Aryl Grignard adding to an aldehyde, giving the secondary alcohol
272	grignard	aryl_grignard,ketone	[A:1]-[A;&1:102]-[A:101]		c1cc([Mg]Br)ccc1.C(C)(=O)CC>>[C@](CC)(c1ccccc1)(C)O |&1:0|	Aryl Grignard adding to a ketone, giving the tertiary alcohol
273	grignard	alkenyl_grignard,aldehyde	[A@=:1](=[A:2])-[A;&1:102]-[A:101]		C/C=C/[Mg]Br.C(CC)=O>>C(C)[C@@H](O)/C=C/C |&1:2|	Alkenyl Grignard adding to an aldehyde, giving the secondary alcohol
274	grignard	alkenyl_grignard,ketone	[A@=:1](=[A:2])-[A;&1:102]-[A:101]		C/C=C/[Mg]Br.C(C)(=O)CC>>CC[C@@](O)(C)/C=C/C |&1:2|	Alkenyl Grignard adding to a ketone, giving the tertiary alcohol
275	grignard	alkyl_halide,aldehyde	[A:1]-[A;&1:102]-[A:101]		C(Br)CC.C(CC)=O>>C([C@H](O)CC)CC |&1:1|	Alkyl halide adding to an aldehyde, giving the secondary alcohol
276	grignard	alkyl_halide,ketone	[A:1]-[A;&1:102]-[A:101]		C(Br)CC.C(C)(=O)CC>>C([C@@](C)(O)CC)CC |&1:1|	Alkyl halide adding to a ketone, giving the tertiary alcohol
277	grignard	aryl_halide,aldehyde	[A:1]-[A;&1:102]-[A:101]		c1c(Br)cccc1.C(CC)=O>>c1cccc([C@@H](CC)O)c1 |&1:5|	Aryl halide adding to an aldehyde, giving the secondary alcohol
278	grignard	aryl_halide,ketone	[A:1]-[A;&1:102]-[A:101]		c1c(Br)cccc1.C(C)(=O)CC>>[C@](CC)(c1ccccc1)(C)O |&1:0|	Aryl halide adding to a ketone, giving the tertiary alcohol
279	hwe	phosphonate,aldehyde	[A:1]=[A:102]		O(CC)P(=O)(C)OCC.C(CC)=O>>C(CC)=C	Phosphonate olefinating an aldehyde (Horner-Wadsworth-Emmons)
280	hwe	phosphonate,ketone	[A:1]=[A:102]		O(CC)P(=O)(C)OCC.C(C)(=O)C>>C(=C)(C)C	Phosphonate olefinating a ketone (Horner-Wadsworth-Emmons)
281	friedel_crafts	acyl_chloride,arene_ch	[A:1](=[A:2])-[A:101]		C(C)(=O)Cl.c1ccccc1>>c1(C(C)=O)ccccc1	Acyl chloride acylating an arene C-H (Friedel-Crafts)
282	wittig	phosphonium_ylide,aldehyde	[A:1]=[A:102]		c1ccc(P(=C)(c2ccccc2)c2ccccc2)cc1.C(CC)=O>>C(CC)=C	Phosphonium ylide olefinating an aldehyde (Wittig)
283	wittig	phosphonium_ylide,ketone	[A:1]=[A:102]		c1ccc(P(=C)(c2ccccc2)c2ccccc2)cc1.C(C)(=O)C>>C(=C)(C)C	Phosphonium ylide olefinating a ketone (Wittig)
284	knoevenagel	active_methylene,aldehyde	[A:102]=[A:1](-[A:2])-[A:3]		C(OC(CC(=O)OCC)=O)C.C(CC)=O>>CCOC(=O)C(C(=O)OCC)=CCC	Active methylene condensing with an aldehyde (Knoevenagel)
#
# --- the ring formers, and the one four-component row -------------------------------------------
# Every new ring is stated aromatic, and every ring atom carries a map number, so each keeps the
# hydrogen count its reactant derived.
285	imidazopyridine	aminopyridine,alpha_haloketone	[A:3]:1:[A:103]:[A:102]:[A:1]:[A:2]:1		c1cccnc1N.C(CBr)(C)=O>>c1n2cc(nc2ccc1)C	Aminopyridine and an alpha-haloketone, giving the imidazo[1,2-a]pyridine
# `alpha_haloester` numbers its alkoxy oxygen, so this product side restates it on the new ring
# carbon: a product naming only the ring deletes the ester tail with it.
286	imidazopyridine	aminopyridine,alpha_haloester	[A:3]:1:[A:104]:[A:102](-[A:101]):[A:1]:[A:2]:1		c1cccnc1N.C(C(OCC)=O)Br>>n12c(cccc2)nc(OCC)c1	Aminopyridine and an alpha-haloester, giving the 2-alkoxyimidazo[1,2-a]pyridine
287	benzimidazole	o_diaminoarene,aldehyde	[A:1]:1:[A:2]:[A:3]:[A:4]:[A:102]:1		c1(N)ccccc1N.C(CC)=O>>c1c2c(ccc1)[nH]c(n2)CC	o-Diaminoarene and an aldehyde, giving the benzimidazole
288	benzimidazole	o_diaminoarene,carboxylic_acid	[A:1]:1:[A:2]:[A:3]:[A:4]:[A:101]:1		c1(N)ccccc1N.C(C)(=O)O>>c12ccccc1nc(C)[nH]2	o-Diaminoarene and a carboxylic acid, giving the benzimidazole
289	cuaac	azide,terminal_alkyne	[A:1]:1:[A:2]:[A:3]:[A:102]:[A:101]:1		C(C)N=[N+]=[N-].C(#C)CC>>n1(CC)nnc(CC)c1	Azide and a terminal alkyne, giving the 1,4-triazole (CuAAC)
290	paal_knorr	1_4_diketone,primary_amine	[A:101](:1:[A:2]:[A:3]:[A:4]:[A:5]:1)-[A:102]		C(CC(C)=O)C(C)=O.C(C)N>>C(C)n1c(ccc1C)C	1,4-Diketone and a primary amine, giving the pyrrole (Paal-Knorr)
291	paal_knorr	1_4_diketone,primary_aniline	[A:101](:1:[A:2]:[A:3]:[A:4]:[A:5]:1)-[A:102]		C(CC(C)=O)C(C)=O.c1c(N)cccc1>>c1cc(n(-c2ccccc2)c1C)C	1,4-Diketone and a primary aniline, giving the N-aryl pyrrole (Paal-Knorr)
# The only four-slot row: its product side reaches :301, and the carbonyl neither amine nor acid
# supplies carries no map number.
292	ugi_4cr	aldehyde,primary_amine,carboxylic_acid,isocyano	[A:201](=[A:202])-[A:101](-[A:102])-[A;&1:2]-[A:302](=[O])-[A:301]		C(CC)=O.C(C)N.C(C)(=O)O.[C-]#[N+]CC>>N(CC)C(=O)[C@H](N(C(C)=O)CC)CC |&1:5|	Aldehyde, amine, acid and isocyanide in one pot, giving the alpha-acylamino amide (Ugi)
293	oxadiazole	hydrazide,carboxylic_acid	[A:3]:1:[A:2]:[A:1]:[A:101]:[A:4]:1		C(C)(NN)=O.C(C)(=O)O>>Cc1oc(C)nn1	Hydrazide and a carboxylic acid, giving the 1,3,4-oxadiazole
294	oxadiazole	hydrazide,acyl_chloride	[A:3]:1:[A:2]:[A:1]:[A:101]:[A:4]:1		C(C)(NN)=O.C(C)(=O)Cl>>Cc1oc(C)nn1	Hydrazide and an acyl chloride, giving the 1,3,4-oxadiazole
#
# --- ureas and thioureas from two amines, every pair of the five N-nucleophiles -----------------
# The thiocarbonyl is unmapped as the carbonyl is: thiophosgene or TCDI supplies it.
295	urea_from_amines	primary_amine,secondary_amine	[A:1](-[A:2])-[C](=[O])-[A:101](-[A:102])-[A:103]		CN.CNC>>CNC(=O)N(C)C	A primary amine and a secondary amine with a carbonyl source, giving the urea
296	urea_from_amines	primary_amine,secondary_aniline	[A:1](-[A:2])-[C](=[O])-[A:101](-[A:102])-[A:103]		CN.CNc1ccccc1>>CNC(=O)N(C)c1ccccc1	A primary amine and a secondary aniline with a carbonyl source, giving the urea
297	urea_from_amines	primary_amine,aziridine_nh	[A:1](-[A:2])-[C](=[O])-[A:101]		CN.C1CN1>>CNC(=O)N1CC1	A primary amine and an aziridine NH with a carbonyl source, giving the urea
298	urea_from_amines	secondary_amine,secondary_amine	[A:1](-[A:2])(-[A:3])-[C](=[O])-[A:101](-[A:102])-[A:103]		CNC.CNC>>CN(C)C(=O)N(C)C	Two secondary amines and a carbonyl source, giving the urea
299	urea_from_amines	secondary_amine,primary_aniline	[A:1](-[A:2])(-[A:3])-[C](=[O])-[A:101]-[A:102]		CNC.Nc1ccccc1>>CN(C)C(=O)Nc1ccccc1	A secondary amine and a primary aniline with a carbonyl source, giving the urea
300	urea_from_amines	secondary_amine,secondary_aniline	[A:1](-[A:2])(-[A:3])-[C](=[O])-[A:101](-[A:102])-[A:103]		CNC.CNc1ccccc1>>CN(C)C(=O)N(C)c1ccccc1	A secondary amine and a secondary aniline with a carbonyl source, giving the urea
301	urea_from_amines	secondary_amine,aziridine_nh	[A:1](-[A:2])(-[A:3])-[C](=[O])-[A:101]		CNC.C1CN1>>CN(C)C(=O)N1CC1	A secondary amine and an aziridine NH with a carbonyl source, giving the urea
302	urea_from_amines	primary_aniline,secondary_aniline	[A:1](-[A:2])-[C](=[O])-[A:101](-[A:102])-[A:103]		Nc1ccccc1.CNc1ccccc1>>c1ccccc1NC(=O)N(C)c1ccccc1	A primary aniline and a secondary aniline with a carbonyl source, giving the urea
303	urea_from_amines	primary_aniline,aziridine_nh	[A:1](-[A:2])-[C](=[O])-[A:101]		Nc1ccccc1.C1CN1>>c1ccccc1NC(=O)N1CC1	A primary aniline and an aziridine NH with a carbonyl source, giving the urea
304	urea_from_amines	secondary_aniline,secondary_aniline	[A:1](-[A:2])(-[A:3])-[C](=[O])-[A:101](-[A:102])-[A:103]		CNc1ccccc1.CNc1ccccc1>>c1ccccc1N(C)C(=O)N(C)c1ccccc1	Two secondary anilines and a carbonyl source, giving the urea
305	urea_from_amines	secondary_aniline,aziridine_nh	[A:1](-[A:2])(-[A:3])-[C](=[O])-[A:101]		CNc1ccccc1.C1CN1>>c1ccccc1N(C)C(=O)N1CC1	A secondary aniline and an aziridine NH with a carbonyl source, giving the urea
306	urea_from_amines	aziridine_nh,aziridine_nh	[A:1]-[C](=[O])-[A:101]		C1CN1.C1CN1>>C1CN1C(=O)N1CC1	Two aziridine NHs and a carbonyl source, giving the urea
307	thiourea_from_amines	primary_amine,primary_amine	[A:1](-[A:2])-[C](=[S])-[A:101]-[A:102]		CN.CN>>CNC(=S)NC	Two primary amines and a thiocarbonyl source, giving the thiourea
308	thiourea_from_amines	primary_amine,secondary_amine	[A:1](-[A:2])-[C](=[S])-[A:101](-[A:102])-[A:103]		CN.CNC>>CNC(=S)N(C)C	A primary amine and a secondary amine with a thiocarbonyl source, giving the thiourea
309	thiourea_from_amines	primary_amine,primary_aniline	[A:1](-[A:2])-[C](=[S])-[A:101]-[A:102]		CN.Nc1ccccc1>>CNC(=S)Nc1ccccc1	A primary amine and a primary aniline with a thiocarbonyl source, giving the thiourea
310	thiourea_from_amines	primary_amine,secondary_aniline	[A:1](-[A:2])-[C](=[S])-[A:101](-[A:102])-[A:103]		CN.CNc1ccccc1>>CNC(=S)N(C)c1ccccc1	A primary amine and a secondary aniline with a thiocarbonyl source, giving the thiourea
311	thiourea_from_amines	primary_amine,aziridine_nh	[A:1](-[A:2])-[C](=[S])-[A:101]		CN.C1CN1>>CNC(=S)N1CC1	A primary amine and an aziridine NH with a thiocarbonyl source, giving the thiourea
312	thiourea_from_amines	secondary_amine,secondary_amine	[A:1](-[A:2])(-[A:3])-[C](=[S])-[A:101](-[A:102])-[A:103]		CNC.CNC>>CN(C)C(=S)N(C)C	Two secondary amines and a thiocarbonyl source, giving the thiourea
313	thiourea_from_amines	secondary_amine,primary_aniline	[A:1](-[A:2])(-[A:3])-[C](=[S])-[A:101]-[A:102]		CNC.Nc1ccccc1>>CN(C)C(=S)Nc1ccccc1	A secondary amine and a primary aniline with a thiocarbonyl source, giving the thiourea
314	thiourea_from_amines	secondary_amine,secondary_aniline	[A:1](-[A:2])(-[A:3])-[C](=[S])-[A:101](-[A:102])-[A:103]		CNC.CNc1ccccc1>>CN(C)C(=S)N(C)c1ccccc1	A secondary amine and a secondary aniline with a thiocarbonyl source, giving the thiourea
315	thiourea_from_amines	secondary_amine,aziridine_nh	[A:1](-[A:2])(-[A:3])-[C](=[S])-[A:101]		CNC.C1CN1>>CN(C)C(=S)N1CC1	A secondary amine and an aziridine NH with a thiocarbonyl source, giving the thiourea
316	thiourea_from_amines	primary_aniline,primary_aniline	[A:1](-[A:2])-[C](=[S])-[A:101]-[A:102]		Nc1ccccc1.Nc1ccccc1>>c1ccccc1NC(=S)Nc1ccccc1	Two primary anilines and a thiocarbonyl source, giving the thiourea
317	thiourea_from_amines	primary_aniline,secondary_aniline	[A:1](-[A:2])-[C](=[S])-[A:101](-[A:102])-[A:103]		Nc1ccccc1.CNc1ccccc1>>c1ccccc1NC(=S)N(C)c1ccccc1	A primary aniline and a secondary aniline with a thiocarbonyl source, giving the thiourea
318	thiourea_from_amines	primary_aniline,aziridine_nh	[A:1](-[A:2])-[C](=[S])-[A:101]		Nc1ccccc1.C1CN1>>c1ccccc1NC(=S)N1CC1	A primary aniline and an aziridine NH with a thiocarbonyl source, giving the thiourea
319	thiourea_from_amines	secondary_aniline,secondary_aniline	[A:1](-[A:2])(-[A:3])-[C](=[S])-[A:101](-[A:102])-[A:103]		CNc1ccccc1.CNc1ccccc1>>c1ccccc1N(C)C(=S)N(C)c1ccccc1	Two secondary anilines and a thiocarbonyl source, giving the thiourea
320	thiourea_from_amines	secondary_aniline,aziridine_nh	[A:1](-[A:2])(-[A:3])-[C](=[S])-[A:101]		CNc1ccccc1.C1CN1>>c1ccccc1N(C)C(=S)N1CC1	A secondary aniline and an aziridine NH with a thiocarbonyl source, giving the thiourea
321	thiourea_from_amines	aziridine_nh,aziridine_nh	[A:1]-[C](=[S])-[A:101]		C1CN1.C1CN1>>C1CN1C(=S)N1CC1	Two aziridine NHs and a thiocarbonyl source, giving the thiourea
#
# --- Suzuki beyond the seed rows: sulfonates, alkenyl partners, trifluoroborates --------------------
# The alkyl rows take the radical (ART, photoredox) couplings too, and state no configuration at the
# carbon that held boron: Pd transmetalation keeps it and a radical path loses it.
322	suzuki	aryl_halide,aryl_molander_salt	[A:1]-[A:101]		c1c(Br)cccc1.[K+].[B-](F)(F)(F)c1ccccc1>>c1cc(-c2ccccc2)ccc1	Aryl halide and an aryl trifluoroborate (Suzuki)
323	suzuki	aryl_halide,alkyl_boronic_ester	[A:1]-[A:101]		c1c(Br)cccc1.CC1(C)OB(OC1(C)C)CCCC>>C(CC)Cc1ccccc1	Aryl halide and an alkyl boronic ester (Suzuki)
324	suzuki	aryl_halide,alkyl_molander_salt	[A:1]-[A:101]		c1c(Br)cccc1.[K+].[B-](F)(F)(F)CCCC>>C(CC)Cc1ccccc1	Aryl halide and an alkyl trifluoroborate (Suzuki)
325	suzuki	aryl_halide,alkenyl_boronic_acid	[A:1]-[A@=:101]=[A:102]		c1c(Br)cccc1.C/C=C/B(O)O>>c1cccc(/C=C/C)c1	Aryl halide and an alkenyl boronic acid (Suzuki)
326	suzuki	aryl_halide,alkenyl_boronic_ester	[A:1]-[A@=:101]=[A:102]		c1c(Br)cccc1.C/C=C/B1OC(C)(C)C(C)(C)O1>>c1cccc(/C=C/C)c1	Aryl halide and an alkenyl boronic ester (Suzuki)
327	suzuki	aryl_halide,alkenyl_molander_salt	[A:1]-[A@=:101]=[A:102]		c1c(Br)cccc1.[K+].C/C=C/[B-](F)(F)F>>c1cccc(/C=C/C)c1	Aryl halide and an alkenyl trifluoroborate (Suzuki)
328	suzuki	aryl_sulfonate,aryl_boronic_acid	[A:1]-[A:101]		O=S(C(F)(F)F)(Oc1ccccc1)=O.OB(O)c1ccccc1>>c1cc(-c2ccccc2)ccc1	Aryl sulfonate and an aryl boronic acid (Suzuki)
329	suzuki	aryl_sulfonate,aryl_boronic_ester	[A:1]-[A:101]		O=S(C(F)(F)F)(Oc1ccccc1)=O.CC1(C)OB(OC1(C)C)c1ccccc1>>c1cc(-c2ccccc2)ccc1	Aryl sulfonate and an aryl boronic ester (Suzuki)
330	suzuki	aryl_sulfonate,aryl_molander_salt	[A:1]-[A:101]		O=S(C(F)(F)F)(Oc1ccccc1)=O.[K+].[B-](F)(F)(F)c1ccccc1>>c1cc(-c2ccccc2)ccc1	Aryl sulfonate and an aryl trifluoroborate (Suzuki)
331	suzuki	aryl_sulfonate,alkyl_boronic_acid	[A:1]-[A:101]		O=S(C(F)(F)F)(Oc1ccccc1)=O.OB(O)CCCC>>C(CC)Cc1ccccc1	Aryl sulfonate and an alkyl boronic acid (Suzuki)
332	suzuki	aryl_sulfonate,alkyl_boronic_ester	[A:1]-[A:101]		O=S(C(F)(F)F)(Oc1ccccc1)=O.CC1(C)OB(OC1(C)C)CCCC>>C(CC)Cc1ccccc1	Aryl sulfonate and an alkyl boronic ester (Suzuki)
333	suzuki	aryl_sulfonate,alkyl_molander_salt	[A:1]-[A:101]		O=S(C(F)(F)F)(Oc1ccccc1)=O.[K+].[B-](F)(F)(F)CCCC>>C(CC)Cc1ccccc1	Aryl sulfonate and an alkyl trifluoroborate (Suzuki)
334	suzuki	aryl_sulfonate,alkenyl_boronic_acid	[A:1]-[A@=:101]=[A:102]		O=S(C(F)(F)F)(Oc1ccccc1)=O.C/C=C/B(O)O>>c1cccc(/C=C/C)c1	Aryl sulfonate and an alkenyl boronic acid (Suzuki)
335	suzuki	aryl_sulfonate,alkenyl_boronic_ester	[A:1]-[A@=:101]=[A:102]		O=S(C(F)(F)F)(Oc1ccccc1)=O.C/C=C/B1OC(C)(C)C(C)(C)O1>>c1cccc(/C=C/C)c1	Aryl sulfonate and an alkenyl boronic ester (Suzuki)
336	suzuki	aryl_sulfonate,alkenyl_molander_salt	[A:1]-[A@=:101]=[A:102]		O=S(C(F)(F)F)(Oc1ccccc1)=O.[K+].C/C=C/[B-](F)(F)F>>c1cccc(/C=C/C)c1	Aryl sulfonate and an alkenyl trifluoroborate (Suzuki)
337	suzuki	alkenyl_halide,aryl_boronic_acid	[A@=:1](=[A:2])-[A:101]		C/C=C/Br.OB(O)c1ccccc1>>c1cccc(/C=C/C)c1	Alkenyl halide and an aryl boronic acid (Suzuki)
338	suzuki	alkenyl_halide,aryl_boronic_ester	[A@=:1](=[A:2])-[A:101]		C/C=C/Br.CC1(C)OB(OC1(C)C)c1ccccc1>>c1cccc(/C=C/C)c1	Alkenyl halide and an aryl boronic ester (Suzuki)
339	suzuki	alkenyl_halide,aryl_molander_salt	[A@=:1](=[A:2])-[A:101]		C/C=C/Br.[K+].[B-](F)(F)(F)c1ccccc1>>c1cccc(/C=C/C)c1	Alkenyl halide and an aryl trifluoroborate (Suzuki)
340	suzuki	alkenyl_halide,alkyl_boronic_acid	[A@=:1](=[A:2])-[A:101]		C/C=C/Br.OB(O)CCCC>>C(C)CC/C=C/C	Alkenyl halide and an alkyl boronic acid (Suzuki)
341	suzuki	alkenyl_halide,alkyl_boronic_ester	[A@=:1](=[A:2])-[A:101]		C/C=C/Br.CC1(C)OB(OC1(C)C)CCCC>>C(C)CC/C=C/C	Alkenyl halide and an alkyl boronic ester (Suzuki)
342	suzuki	alkenyl_halide,alkyl_molander_salt	[A@=:1](=[A:2])-[A:101]		C/C=C/Br.[K+].[B-](F)(F)(F)CCCC>>C(C)CC/C=C/C	Alkenyl halide and an alkyl trifluoroborate (Suzuki)
343	suzuki	alkenyl_halide,alkenyl_boronic_acid	[A@=:1](=[A:2])-[A@=:101]=[A:102]		C/C=C/Br.C/C=C/B(O)O>>C(=C\C=C\C)/C	Alkenyl halide and an alkenyl boronic acid (Suzuki)
344	suzuki	alkenyl_halide,alkenyl_boronic_ester	[A@=:1](=[A:2])-[A@=:101]=[A:102]		C/C=C/Br.C/C=C/B1OC(C)(C)C(C)(C)O1>>C(=C\C=C\C)/C	Alkenyl halide and an alkenyl boronic ester (Suzuki)
345	suzuki	alkenyl_halide,alkenyl_molander_salt	[A@=:1](=[A:2])-[A@=:101]=[A:102]		C/C=C/Br.[K+].C/C=C/[B-](F)(F)F>>C(=C\C=C\C)/C	Alkenyl halide and an alkenyl trifluoroborate (Suzuki)
346	suzuki	alkenyl_sulfonate,aryl_boronic_acid	[A@=:1](=[A:2])-[A:101]		C/C=C/OS(=O)(=O)C(F)(F)F.OB(O)c1ccccc1>>c1cccc(/C=C/C)c1	Alkenyl sulfonate and an aryl boronic acid (Suzuki)
347	suzuki	alkenyl_sulfonate,aryl_boronic_ester	[A@=:1](=[A:2])-[A:101]		C/C=C/OS(=O)(=O)C(F)(F)F.CC1(C)OB(OC1(C)C)c1ccccc1>>c1cccc(/C=C/C)c1	Alkenyl sulfonate and an aryl boronic ester (Suzuki)
348	suzuki	alkenyl_sulfonate,aryl_molander_salt	[A@=:1](=[A:2])-[A:101]		C/C=C/OS(=O)(=O)C(F)(F)F.[K+].[B-](F)(F)(F)c1ccccc1>>c1cccc(/C=C/C)c1	Alkenyl sulfonate and an aryl trifluoroborate (Suzuki)
349	suzuki	alkenyl_sulfonate,alkyl_boronic_acid	[A@=:1](=[A:2])-[A:101]		C/C=C/OS(=O)(=O)C(F)(F)F.OB(O)CCCC>>C(C)CC/C=C/C	Alkenyl sulfonate and an alkyl boronic acid (Suzuki)
350	suzuki	alkenyl_sulfonate,alkyl_boronic_ester	[A@=:1](=[A:2])-[A:101]		C/C=C/OS(=O)(=O)C(F)(F)F.CC1(C)OB(OC1(C)C)CCCC>>C(C)CC/C=C/C	Alkenyl sulfonate and an alkyl boronic ester (Suzuki)
351	suzuki	alkenyl_sulfonate,alkyl_molander_salt	[A@=:1](=[A:2])-[A:101]		C/C=C/OS(=O)(=O)C(F)(F)F.[K+].[B-](F)(F)(F)CCCC>>C(C)CC/C=C/C	Alkenyl sulfonate and an alkyl trifluoroborate (Suzuki)
352	suzuki	alkenyl_sulfonate,alkenyl_boronic_acid	[A@=:1](=[A:2])-[A@=:101]=[A:102]		C/C=C/OS(=O)(=O)C(F)(F)F.C/C=C/B(O)O>>C(=C\C=C\C)/C	Alkenyl sulfonate and an alkenyl boronic acid (Suzuki)
353	suzuki	alkenyl_sulfonate,alkenyl_boronic_ester	[A@=:1](=[A:2])-[A@=:101]=[A:102]		C/C=C/OS(=O)(=O)C(F)(F)F.C/C=C/B1OC(C)(C)C(C)(C)O1>>C(=C\C=C\C)/C	Alkenyl sulfonate and an alkenyl boronic ester (Suzuki)
354	suzuki	alkenyl_sulfonate,alkenyl_molander_salt	[A@=:1](=[A:2])-[A@=:101]=[A:102]		C/C=C/OS(=O)(=O)C(F)(F)F.[K+].C/C=C/[B-](F)(F)F>>C(=C\C=C\C)/C	Alkenyl sulfonate and an alkenyl trifluoroborate (Suzuki)
#
# --- Sonogashira beyond aryl bromide and iodide -----------------------------------------------------
355	sonogashira	aryl_chloride,terminal_alkyne	[A:1]-[A:101]#[A:102]		c1c(Cl)cccc1.C(#C)CC>>C(c1ccccc1)#CCC	Aryl chloride and a terminal alkyne, giving the internal alkyne (Sonogashira)
356	sonogashira	aryl_sulfonate,terminal_alkyne	[A:1]-[A:101]#[A:102]		O=S(C(F)(F)F)(Oc1ccccc1)=O.C(#C)CC>>C(c1ccccc1)#CCC	Aryl sulfonate and a terminal alkyne, giving the internal alkyne (Sonogashira)
357	sonogashira	alkenyl_halide,terminal_alkyne	[A@=:1](=[A:2])-[A:101]#[A:102]		C/C=C/Br.C(#C)CC>>CCC#C/C=C/C	Alkenyl halide and a terminal alkyne, giving the internal alkyne (Sonogashira)
358	sonogashira	alkenyl_sulfonate,terminal_alkyne	[A@=:1](=[A:2])-[A:101]#[A:102]		C/C=C/OS(=O)(=O)C(F)(F)F.C(#C)CC>>CCC#C/C=C/C	Alkenyl sulfonate and a terminal alkyne, giving the internal alkyne (Sonogashira)
#
# --- Negishi and Stille on the alkenyl electrophiles, and the methyl Stille -------------------------
359	negishi	alkenyl_halide,alkyl_zinc	[A@=:1](=[A:2])-[A:101]		C/C=C/Br.C(C)[Zn]Br>>C(C)/C=C/C	Alkenyl halide and an alkyl organozinc (Negishi)
360	negishi	alkenyl_halide,aryl_zinc	[A@=:1](=[A:2])-[A:101]		C/C=C/Br.c1cc([Zn]Br)ccc1>>c1cccc(/C=C/C)c1	Alkenyl halide and an aryl organozinc (Negishi)
361	negishi	alkenyl_halide,alkenyl_zinc	[A@=:1](=[A:2])-[A@=:101]=[A:102]		C/C=C/Br.C/C=C/[Zn]Br>>C(=C\C=C\C)/C	Alkenyl halide and an alkenyl organozinc (Negishi)
362	negishi	alkenyl_sulfonate,alkyl_zinc	[A@=:1](=[A:2])-[A:101]		C/C=C/OS(=O)(=O)C(F)(F)F.C(C)[Zn]Br>>C(C)/C=C/C	Alkenyl sulfonate and an alkyl organozinc (Negishi)
363	negishi	alkenyl_sulfonate,aryl_zinc	[A@=:1](=[A:2])-[A:101]		C/C=C/OS(=O)(=O)C(F)(F)F.c1cc([Zn]Br)ccc1>>c1cccc(/C=C/C)c1	Alkenyl sulfonate and an aryl organozinc (Negishi)
364	negishi	alkenyl_sulfonate,alkenyl_zinc	[A@=:1](=[A:2])-[A@=:101]=[A:102]		C/C=C/OS(=O)(=O)C(F)(F)F.C/C=C/[Zn]Br>>C(=C\C=C\C)/C	Alkenyl sulfonate and an alkenyl organozinc (Negishi)
365	stille	aryl_halide,tetramethylstannane	[A:1]-[A:101]		c1c(Br)cccc1.C[Sn](C)(C)C>>c1c(C)cccc1	Aryl halide and tetramethyltin (Stille)
366	stille	aryl_sulfonate,tetramethylstannane	[A:1]-[A:101]		O=S(C(F)(F)F)(Oc1ccccc1)=O.C[Sn](C)(C)C>>c1c(C)cccc1	Aryl sulfonate and tetramethyltin (Stille)
367	stille	alkenyl_halide,aryl_stannane	[A@=:1](=[A:2])-[A:101]		C/C=C/Br.c1(ccccc1)[Sn](C)(C)C>>c1cccc(/C=C/C)c1	Alkenyl halide and an aryl stannane (Stille)
368	stille	alkenyl_halide,alkenyl_stannane	[A@=:1](=[A:2])-[A@=:101]=[A:102]		C/C=C/Br.C/C=C/[Sn](C)(C)C>>C(=C\C=C\C)/C	Alkenyl halide and an alkenyl stannane (Stille)
369	stille	alkenyl_halide,alkyl_stannane	[A@=:1](=[A:2])-[A:101]		C/C=C/Br.C([Sn](C)(C)C)CCC>>C(C)CC/C=C/C	Alkenyl halide and an alkyl stannane (Stille)
370	stille	alkenyl_halide,tetramethylstannane	[A@=:1](=[A:2])-[A:101]		C/C=C/Br.C[Sn](C)(C)C>>C(/C)=C\C	Alkenyl halide and tetramethyltin (Stille)
371	stille	alkenyl_sulfonate,aryl_stannane	[A@=:1](=[A:2])-[A:101]		C/C=C/OS(=O)(=O)C(F)(F)F.c1(ccccc1)[Sn](C)(C)C>>c1cccc(/C=C/C)c1	Alkenyl sulfonate and an aryl stannane (Stille)
372	stille	alkenyl_sulfonate,alkenyl_stannane	[A@=:1](=[A:2])-[A@=:101]=[A:102]		C/C=C/OS(=O)(=O)C(F)(F)F.C/C=C/[Sn](C)(C)C>>C(=C\C=C\C)/C	Alkenyl sulfonate and an alkenyl stannane (Stille)
373	stille	alkenyl_sulfonate,alkyl_stannane	[A@=:1](=[A:2])-[A:101]		C/C=C/OS(=O)(=O)C(F)(F)F.C([Sn](C)(C)C)CCC>>C(C)CC/C=C/C	Alkenyl sulfonate and an alkyl stannane (Stille)
374	stille	alkenyl_sulfonate,tetramethylstannane	[A@=:1](=[A:2])-[A:101]		C/C=C/OS(=O)(=O)C(F)(F)F.C[Sn](C)(C)C>>C(/C)=C\C	Alkenyl sulfonate and tetramethyltin (Stille)
#
# --- Miyaura borylation with the diboron ester ------------------------------------------------------
# One boron and its two oxygens are numbered, so the kept half keeps its diol and the other half goes.
375	borylation	aryl_halide,diboron_ester	[A:1]-[A:101](-[A:102])-[A:103]		c1c(Br)cccc1.CC1(C)OB(B2OC(C)(C)C(C)(C)O2)OC1(C)C>>CC1(OB(c2ccccc2)OC1(C)C)C	Aryl halide and a diboron ester, giving the boronic ester (Miyaura)
376	borylation	aryl_sulfonate,diboron_ester	[A:1]-[A:101](-[A:102])-[A:103]		O=S(C(F)(F)F)(Oc1ccccc1)=O.CC1(C)OB(B2OC(C)(C)C(C)(C)O2)OC1(C)C>>CC1(OB(c2ccccc2)OC1(C)C)C	Aryl sulfonate and a diboron ester, giving the boronic ester (Miyaura)
377	borylation	alkenyl_halide,diboron_ester	[A@=:1](=[A:2])-[A:101](-[A:102])-[A:103]		C/C=C/Br.CC1(C)OB(B2OC(C)(C)C(C)(C)O2)OC1(C)C>>C1(C(C)(OB(O1)/C=C/C)C)(C)C	Alkenyl halide and a diboron ester, giving the boronic ester (Miyaura)
378	borylation	alkenyl_sulfonate,diboron_ester	[A@=:1](=[A:2])-[A:101](-[A:102])-[A:103]		C/C=C/OS(=O)(=O)C(F)(F)F.CC1(C)OB(B2OC(C)(C)C(C)(C)O2)OC1(C)C>>C1(C(C)(OB(O1)/C=C/C)C)(C)C	Alkenyl sulfonate and a diboron ester, giving the boronic ester (Miyaura)
#
# --- methanol and the alkoxides, which the primary-alcohol rows do not take -------------------------
379	snar	aryl_fluoride,methanol	[A:1]-[A:101]-[A:102]		c1c(F)cccc1.CO>>c1cc(OC)ccc1	Activated aryl fluoride displaced by methanol (SNAr)
380	snar	aryl_fluoride,alkoxide	[A:1]-[A:101]-[A:102]		c1c(F)cccc1.C(C)[O-].[Na+]>>O(c1ccccc1)CC	Activated aryl fluoride displaced by an alkoxide (SNAr)
381	snar	aryl_halide,methanol	[A:1]-[A:101]-[A:102]		c1c(Br)cccc1.CO>>c1cc(OC)ccc1	Aryl halide displaced by methanol (SNAr)
382	snar	aryl_halide,alkoxide	[A:1]-[A:101]-[A:102]		c1c(Br)cccc1.C(C)[O-].[Na+]>>O(c1ccccc1)CC	Aryl halide displaced by an alkoxide (SNAr)
383	snar	aryl_sulfonate,methanol	[A:1]-[A:101]-[A:102]		O=S(C(F)(F)F)(Oc1ccccc1)=O.CO>>c1cc(OC)ccc1	Aryl sulfonate displaced by methanol (SNAr)
384	snar	aryl_sulfonate,alkoxide	[A:1]-[A:101]-[A:102]		O=S(C(F)(F)F)(Oc1ccccc1)=O.C(C)[O-].[Na+]>>O(c1ccccc1)CC	Aryl sulfonate displaced by an alkoxide (SNAr)
385	williamson	alkyl_halide,methanol	[A@~:1]-[A:101]-[A:102]		C[C@H](Br)CC.CO>>C(C)[C@H](OC)C	Alkyl halide etherifying methanol (Williamson)
386	williamson	alkyl_halide,alkoxide	[A@~:1]-[A:101]-[A:102]		C[C@H](Br)CC.C(C)[O-].[Na+]>>C([C@H](OCC)C)C	Alkyl halide etherifying an alkoxide (Williamson)
387	williamson	alkyl_sulfonate,methanol	[A@~:1]-[A:101]-[A:102]		C[C@@H](CC)OS(C)(=O)=O.CO>>C(C)[C@H](OC)C	Alkyl sulfonate etherifying methanol (Williamson)
388	williamson	alkyl_sulfonate,alkoxide	[A@~:1]-[A:101]-[A:102]		C[C@@H](CC)OS(C)(=O)=O.C(C)[O-].[Na+]>>C([C@H](OCC)C)C	Alkyl sulfonate etherifying an alkoxide (Williamson)
389	esterification	carboxylic_acid,methanol	[A:1](=[A:2])-[A:101]-[A:102]		C(C)(=O)O.CO>>O=C(C)OC	RCOOH + MeOH -> RCOOMe
390	acylation	acyl_chloride,methanol	[A:1](=[A:2])-[A:101]-[A:102]		C(C)(=O)Cl.CO>>O=C(C)OC	Acyl chloride esterifying methanol
391	mitsunobu	methanol,phenol	[A:2]-[A:101]-[A:102]		CO.c1c(O)cccc1>>c1cc(OC)ccc1	Methanol onto a phenol, giving the methyl ether (Mitsunobu)
392	mitsunobu	methanol,carboxylic_acid	[A:2]-[A:103]-[A:101](=[A:102])		CO.C(C)(=O)O>>O=C(C)OC	Methanol onto a carboxylic acid, giving the methyl ester (Mitsunobu)
393	mitsunobu	methanol,azinone	[A:2]-[A:101]-[A:102](-[A:103])=[A:104]		CO.C1(Nc2c(C=C1)cccc2)=O>>c1c(nc2c(cccc2)c1)OC	Methanol onto the lactam O of an azinone (Mitsunobu)
#
# --- reagent-free interconversions: the new atoms come from an agent the row does not slot ----------
# Cyanide, CO2, a halide salt or water supplies one or two atoms and carries no number, as the halide
# of `20 appel` does.
394	cyanation	aryl_halide	[A:1]-[C]#[N]		c1c(Br)cccc1>>c1cccc(C#N)c1	Aryl halide -> nitrile (CuCN, Zn(CN)2, K4Fe(CN)6)
395	cyanation	aryl_sulfonate	[A:1]-[C]#[N]		O=S(C(F)(F)F)(Oc1ccccc1)=O>>c1cccc(C#N)c1	Aryl sulfonate -> nitrile (CuCN, Zn(CN)2, K4Fe(CN)6)
396	cyanation	alkenyl_halide	[A@=:1](=[A:2])-[C]#[N]		C/C=C/Br>>N#C/C=C/C	Alkenyl halide -> nitrile (CuCN, Zn(CN)2, K4Fe(CN)6)
397	sandmeyer	primary_aniline	[Cl;D1]-[A:2]		c1c(N)cccc1>>c1c(Cl)cccc1	ArNH2 -> ArCl through the diazonium
398	sandmeyer	primary_aniline	[Br;D1]-[A:2]		c1c(N)cccc1>>c1c(Br)cccc1	ArNH2 -> ArBr through the diazonium
399	sandmeyer	primary_aniline	[I;D1]-[A:2]		c1c(N)cccc1>>c1c(I)cccc1	ArNH2 -> ArI through the diazonium
400	appel_iodide	primary_alcohol	[I;D1]-[A:2]		C(C)O>>C(C)I	RCH2OH -> RCH2I (I2/PPh3)
401	appel_iodide	secondary_alcohol	[I;D1]-[A@~:2]		C[C@H](O)CC>>C(C)[C@H](I)C	R2CHOH -> R2CHI
402	carboxylation	aryl_halide	[A:1]-[C](=[O])-[O;D1]		c1c(Br)cccc1>>c1(ccccc1)C(=O)O	ArX -> ArCOOH (CO2 or CO)
403	nitrile_hydrolysis	nitrile	[A:2](=[O])-[O;D1]		C(CC)#N>>C(CC)(=O)O	RCN -> RCOOH, through the amide
404	ester_hydrolysis	acyclic_ester	[A:1]=[A:2]-[O;D1]		O=C(CC)OC>>C(CC)(=O)O	RCOOR' -> RCOOH; the alkoxy leaves with the alcohol
#
# --- the boroxine methyl donor, and the activated lactam halides toward oxygen ----------------------
405	suzuki	aryl_halide,alkyl_boroxine	[A:1]-[A:101]		c1c(Br)cccc1.CB1OB(C)OB(C)O1>>c1c(C)cccc1	Aryl halide and an alkyl boroxine, trimethylboroxine the methylating one (Suzuki)
406	suzuki	aryl_sulfonate,alkyl_boroxine	[A:1]-[A:101]		O=S(C(F)(F)F)(Oc1ccccc1)=O.CB1OB(C)OB(C)O1>>c1c(C)cccc1	Aryl sulfonate and an alkyl boroxine, trimethylboroxine the methylating one (Suzuki)
407	suzuki	alkenyl_halide,alkyl_boroxine	[A@=:1](=[A:2])-[A:101]		C/C=C/Br.CB1OB(C)OB(C)O1>>C(/C)=C\C	Alkenyl halide and an alkyl boroxine, trimethylboroxine the methylating one (Suzuki)
408	suzuki	alkenyl_sulfonate,alkyl_boroxine	[A@=:1](=[A:2])-[A:101]		C/C=C/OS(=O)(=O)C(F)(F)F.CB1OB(C)OB(C)O1>>C(/C)=C\C	Alkenyl sulfonate and an alkyl boroxine, trimethylboroxine the methylating one (Suzuki)
409	snar	lactam_1_halide,primary_alcohol	[A:1]-[A:101]-[A:102]		C=1C(=O)N(C)C=CC=1Cl.C(C)O>>O=C1C=C(OCC)C=CN1C	Activated lactam halide displaced by a primary alcohol (SNAr)
410	snar	lactam_1_halide,secondary_alcohol	[A:1]-[A:101]-[A:102]		C=1C(=O)N(C)C=CC=1Cl.C(C)(O)C>>O=C1N(C=CC(OC(C)C)=C1)C	Activated lactam halide displaced by a secondary alcohol (SNAr)
411	snar	lactam_1_halide,methanol	[A:1]-[A:101]-[A:102]		C=1C(=O)N(C)C=CC=1Cl.CO>>O(C)C1=CC(=O)N(C)C=C1	Activated lactam halide displaced by methanol (SNAr)
412	ullmann_phenol	lactam_1_halide,phenol	[A:1]-[A:101]-[A:102]		C=1C(=O)N(C)C=CC=1Cl.c1c(O)cccc1>>O=C1C=C(Oc2ccccc2)C=CN1C	Activated lactam halide and a phenol, giving the aryl ether (Ullmann)
413	snar	lactam_2_halide,primary_alcohol	[A:1]-[A:101]-[A:102]		N1(C)C(=O)C=CC=C1Cl.C(C)O>>O=C1N(C)C(=CC=C1)OCC	Activated lactam halide displaced by a primary alcohol (SNAr)
414	snar	lactam_2_halide,secondary_alcohol	[A:1]-[A:101]-[A:102]		N1(C)C(=O)C=CC=C1Cl.C(C)(O)C>>O=C1C=CC=C(OC(C)C)N1C	Activated lactam halide displaced by a secondary alcohol (SNAr)
415	snar	lactam_2_halide,methanol	[A:1]-[A:101]-[A:102]		N1(C)C(=O)C=CC=C1Cl.CO>>N1(C)C(OC)=CC=CC1=O	Activated lactam halide displaced by methanol (SNAr)
416	ullmann_phenol	lactam_2_halide,phenol	[A:1]-[A:101]-[A:102]		N1(C)C(=O)C=CC=C1Cl.c1c(O)cccc1>>c1ccc(cc1)OC=1N(C(C=CC=1)=O)C	Activated lactam halide and a phenol, giving the aryl ether (Ullmann)
417	snar	lactam_3_halide,primary_alcohol	[A:1]-[A:101]-[A:102]		C=1C(=O)C=CN(C)C=1Cl.C(C)O>>O=C1C=C(OCC)N(C=C1)C	Activated lactam halide displaced by a primary alcohol (SNAr)
418	snar	lactam_3_halide,secondary_alcohol	[A:1]-[A:101]-[A:102]		C=1C(=O)C=CN(C)C=1Cl.C(C)(O)C>>O=C1C=CN(C(OC(C)C)=C1)C	Activated lactam halide displaced by a secondary alcohol (SNAr)
419	snar	lactam_3_halide,methanol	[A:1]-[A:101]-[A:102]		C=1C(=O)C=CN(C)C=1Cl.CO>>O(C)C1=CC(=O)C=CN1C	Activated lactam halide displaced by methanol (SNAr)
420	ullmann_phenol	lactam_3_halide,phenol	[A:1]-[A:101]-[A:102]		C=1C(=O)C=CN(C)C=1Cl.c1c(O)cccc1>>c1ccccc1OC=1N(C)C=CC(=O)C=1	Activated lactam halide and a phenol, giving the aryl ether (Ullmann)
421	snar	lactam_4_halide,primary_alcohol	[A:1]-[A:101]-[A:102]		O=C1N(C)C=CC=C1Cl.C(C)O>>O=C1C(=CC=CN1C)OCC	Activated lactam halide displaced by a primary alcohol (SNAr)
422	snar	lactam_4_halide,secondary_alcohol	[A:1]-[A:101]-[A:102]		O=C1N(C)C=CC=C1Cl.C(C)(O)C>>O=C1C(OC(C)C)=CC=CN1C	Activated lactam halide displaced by a secondary alcohol (SNAr)
423	snar	lactam_4_halide,methanol	[A:1]-[A:101]-[A:102]		O=C1N(C)C=CC=C1Cl.CO>>O(C1=CC=CN(C)C1=O)C	Activated lactam halide displaced by methanol (SNAr)
424	ullmann_phenol	lactam_4_halide,phenol	[A:1]-[A:101]-[A:102]		O=C1N(C)C=CC=C1Cl.c1c(O)cccc1>>c1cc(ccc1)OC=1C(N(C)C=CC=1)=O	Activated lactam halide and a phenol, giving the aryl ether (Ullmann)
425	snar	lactam_5_halide,primary_alcohol	[A:1]-[A:101]-[A:102]		O=C1C(=CN(C)C=C1)Cl.C(C)O>>O=C1C(OCC)=CN(C=C1)C	Activated lactam halide displaced by a primary alcohol (SNAr)
426	snar	lactam_5_halide,secondary_alcohol	[A:1]-[A:101]-[A:102]		O=C1C(=CN(C)C=C1)Cl.C(C)(O)C>>O=C1C(OC(C)C)=CN(C=C1)C	Activated lactam halide displaced by a secondary alcohol (SNAr)
427	snar	lactam_5_halide,methanol	[A:1]-[A:101]-[A:102]		O=C1C(=CN(C)C=C1)Cl.CO>>O(C1=CN(C)C=CC1=O)C	Activated lactam halide displaced by methanol (SNAr)
428	ullmann_phenol	lactam_5_halide,phenol	[A:1]-[A:101]-[A:102]		O=C1C(=CN(C)C=C1)Cl.c1c(O)cccc1>>c1ccc(OC=2C(C=CN(C)C=2)=O)cc1	Activated lactam halide and a phenol, giving the aryl ether (Ullmann)
429	snar	lactam_6_halide,primary_alcohol	[A:1]-[A:101]-[A:102]		C1(=CN(C)C(=O)C=C1)Cl.C(C)O>>N1(C(C=CC(OCC)=C1)=O)C	Activated lactam halide displaced by a primary alcohol (SNAr)
430	snar	lactam_6_halide,secondary_alcohol	[A:1]-[A:101]-[A:102]		C1(=CN(C)C(=O)C=C1)Cl.C(C)(O)C>>C1=CC(=O)N(C=C1OC(C)C)C	Activated lactam halide displaced by a secondary alcohol (SNAr)
431	snar	lactam_6_halide,methanol	[A:1]-[A:101]-[A:102]		C1(=CN(C)C(=O)C=C1)Cl.CO>>O=C1C=CC(=CN1C)OC	Activated lactam halide displaced by methanol (SNAr)
432	ullmann_phenol	lactam_6_halide,phenol	[A:1]-[A:101]-[A:102]		C1(=CN(C)C(=O)C=C1)Cl.c1c(O)cccc1>>c1cc(OC=2C=CC(N(C)C=2)=O)ccc1	Activated lactam halide and a phenol, giving the aryl ether (Ullmann)
#
# --- N-alkylation of every N-H class, by halide and by sulfonate ------------------------------------
433	n_alkylation	alkyl_halide,primary_aniline	[A@~:1]-[A:101]-[A:102]		C[C@H](Br)CC.c1c(N)cccc1>>c1ccccc1N[C@H](C)CC	Alkyl halide and a primary aniline
434	n_alkylation	alkyl_halide,secondary_aniline	[A@~:1]-[A:101](-[A:102])-[A:103]		C[C@H](Br)CC.c1cc(NC)ccc1>>N(c1ccccc1)([C@@H](CC)C)C	Alkyl halide and a secondary aniline
435	n_alkylation	alkyl_halide,biaryl_aniline	[A@~:1]-[A:101](-[A:102])-[A:103]		C[C@H](Br)CC.c1ccc(Nc2ccccc2)cc1>>c1cccc(N(c2ccccc2)[C@H](C)CC)c1	Alkyl halide and a diarylamine
436	n_alkylation	alkyl_halide,primary_amide	[A@~:1]-[A:101]-[A:102]=[A:103]		C[C@H](Br)CC.C(C)(N)=O>>O=C(N[C@@H](CC)C)C	Alkyl halide and a primary amide
437	n_alkylation	alkyl_halide,secondary_amide	[A@~:1]-[A:101]-[A:102]=[A:103]		C[C@H](Br)CC.O=C1CCCN1>>C1CCN([C@@H](CC)C)C1=O	Alkyl halide and a secondary amide or lactam
438	n_alkylation	alkyl_halide,nh_carbamate	[A@~:1]-[A:101]-[A:102](=[A:103])-[A:104]		C[C@H](Br)CC.CC(C)(C)OC(=O)NC>>O=C(OC(C)(C)C)N([C@@H](CC)C)C	Alkyl halide and a carbamate N-H
439	n_alkylation	alkyl_halide,nh_urea_any	[A@~:1]-[A:101]-[A:102](=[A:103])-[A:104]		C[C@H](Br)CC.O=C1NCCN1C>>C1N([C@@H](CC)C)C(=O)N(C)C1	Alkyl halide and a urea N-H
440	n_alkylation	alkyl_halide,nh_sulfonamide	[A@~:1]-[A:101]-[A:102](=[A:103])=[A:104]		C[C@H](Br)CC.CNS(=O)(=O)c1ccccc1>>S(N(C)[C@H](C)CC)(=O)(c1ccccc1)=O	Alkyl halide and a sulfonamide N-H
441	n_alkylation	alkyl_halide,pyrrole	[A@~:1]-[A:101]		C[C@H](Br)CC.c1c[nH]cc1>>c1cccn1[C@H](C)CC	Alkyl halide and an azole N-H
442	n_alkylation	alkyl_halide,pyrazole	[A@~:1]-[A:102]:[A:101]		C[C@H](Br)CC.n1[nH]ccc1>>c1cn(nc1)[C@@H](CC)C	Alkyl halide and the free nitrogen of a pyrazole
443	n_alkylation	alkyl_halide,imidazole	[A@~:1]-[A:103]:[A:102]:[A:101]		C[C@H](Br)CC.n1c[nH]cc1>>n1([C@H](C)CC)cncc1	Alkyl halide and the free nitrogen of an imidazole
444	n_alkylation	alkyl_sulfonate,primary_amine	[A@~:1]-[A:101]-[A:102]		C[C@@H](CC)OS(C)(=O)=O.C(C)N>>C([C@H](NCC)C)C	Alkyl sulfonate and a primary amine
445	n_alkylation	alkyl_sulfonate,secondary_amine	[A@~:1]-[A:101](-[A:102])-[A:103]		C[C@@H](CC)OS(C)(=O)=O.CNC>>C(C)[C@H](N(C)C)C	Alkyl sulfonate and a secondary amine
446	n_alkylation	alkyl_sulfonate,primary_aniline	[A@~:1]-[A:101]-[A:102]		C[C@@H](CC)OS(C)(=O)=O.c1c(N)cccc1>>c1ccccc1N[C@H](C)CC	Alkyl sulfonate and a primary aniline
447	n_alkylation	alkyl_sulfonate,secondary_aniline	[A@~:1]-[A:101](-[A:102])-[A:103]		C[C@@H](CC)OS(C)(=O)=O.c1cc(NC)ccc1>>N(c1ccccc1)([C@@H](CC)C)C	Alkyl sulfonate and a secondary aniline
448	n_alkylation	alkyl_sulfonate,biaryl_aniline	[A@~:1]-[A:101](-[A:102])-[A:103]		C[C@@H](CC)OS(C)(=O)=O.c1ccc(Nc2ccccc2)cc1>>c1cccc(N(c2ccccc2)[C@H](C)CC)c1	Alkyl sulfonate and a diarylamine
449	n_alkylation	alkyl_sulfonate,primary_amide	[A@~:1]-[A:101]-[A:102]=[A:103]		C[C@@H](CC)OS(C)(=O)=O.C(C)(N)=O>>O=C(N[C@@H](CC)C)C	Alkyl sulfonate and a primary amide
450	n_alkylation	alkyl_sulfonate,secondary_amide	[A@~:1]-[A:101]-[A:102]=[A:103]		C[C@@H](CC)OS(C)(=O)=O.O=C1CCCN1>>C1CCN([C@@H](CC)C)C1=O	Alkyl sulfonate and a secondary amide or lactam
451	n_alkylation	alkyl_sulfonate,nh_carbamate	[A@~:1]-[A:101]-[A:102](=[A:103])-[A:104]		C[C@@H](CC)OS(C)(=O)=O.CC(C)(C)OC(=O)NC>>O=C(OC(C)(C)C)N([C@@H](CC)C)C	Alkyl sulfonate and a carbamate N-H
452	n_alkylation	alkyl_sulfonate,nh_urea_any	[A@~:1]-[A:101]-[A:102](=[A:103])-[A:104]		C[C@@H](CC)OS(C)(=O)=O.O=C1NCCN1C>>C1N([C@@H](CC)C)C(=O)N(C)C1	Alkyl sulfonate and a urea N-H
453	n_alkylation	alkyl_sulfonate,nh_sulfonamide	[A@~:1]-[A:101]-[A:102](=[A:103])=[A:104]		C[C@@H](CC)OS(C)(=O)=O.CNS(=O)(=O)c1ccccc1>>S(N(C)[C@H](C)CC)(=O)(c1ccccc1)=O	Alkyl sulfonate and a sulfonamide N-H
454	n_alkylation	alkyl_sulfonate,pyrrole	[A@~:1]-[A:101]		C[C@@H](CC)OS(C)(=O)=O.c1c[nH]cc1>>c1cccn1[C@H](C)CC	Alkyl sulfonate and an azole N-H
455	n_alkylation	alkyl_sulfonate,pyrazole	[A@~:1]-[A:102]:[A:101]		C[C@@H](CC)OS(C)(=O)=O.n1[nH]ccc1>>c1cn(nc1)[C@@H](CC)C	Alkyl sulfonate and the free nitrogen of a pyrazole
456	n_alkylation	alkyl_sulfonate,imidazole	[A@~:1]-[A:103]:[A:102]:[A:101]		C[C@@H](CC)OS(C)(=O)=O.n1c[nH]cc1>>n1([C@H](C)CC)cncc1	Alkyl sulfonate and the free nitrogen of an imidazole
#
# --- Pd and Cu N-arylation and N-alkenylation beyond the amines -------------------------------------
457	buchwald_hartwig	aryl_halide,secondary_aniline	[A:1]-[A:101](-[A:102])-[A:103]		c1c(Br)cccc1.c1cc(NC)ccc1>>c1cccc(c1)N(C)c1ccccc1	Aryl halide and a secondary aniline
458	buchwald_hartwig	aryl_halide,biaryl_aniline	[A:1]-[A:101](-[A:102])-[A:103]		c1c(Br)cccc1.c1ccc(Nc2ccccc2)cc1>>c1(N(c2ccccc2)c2ccccc2)ccccc1	Aryl halide and a diarylamine
459	buchwald_hartwig	aryl_halide,primary_amide	[A:1]-[A:101]-[A:102]=[A:103]		c1c(Br)cccc1.C(C)(N)=O>>c1ccc(NC(=O)C)cc1	Aryl halide and a primary amide
460	buchwald_hartwig	aryl_halide,secondary_amide	[A:1]-[A:101]-[A:102]=[A:103]		c1c(Br)cccc1.O=C1CCCN1>>C1N(c2ccccc2)C(=O)CC1	Aryl halide and a secondary amide or lactam
461	buchwald_hartwig	aryl_halide,nh_carbamate	[A:1]-[A:101]-[A:102](=[A:103])-[A:104]		c1c(Br)cccc1.CC(C)(C)OC(=O)NC>>CC(OC(=O)N(C)c1ccccc1)(C)C	Aryl halide and a carbamate N-H
462	buchwald_hartwig	aryl_halide,nh_urea_any	[A:1]-[A:101]-[A:102](=[A:103])-[A:104]		c1c(Br)cccc1.O=C1NCCN1C>>O=C1N(C)CCN1c1ccccc1	Aryl halide and a urea N-H
463	buchwald_hartwig	aryl_halide,nh_sulfonamide	[A:1]-[A:101]-[A:102](=[A:103])=[A:104]		c1c(Br)cccc1.CNS(=O)(=O)c1ccccc1>>c1ccc(cc1)S(=O)(N(c1ccccc1)C)=O	Aryl halide and a sulfonamide N-H
464	buchwald_hartwig	aryl_sulfonate,primary_amine	[A:1]-[A:101]-[A:102]		O=S(C(F)(F)F)(Oc1ccccc1)=O.C(C)N>>N(c1ccccc1)CC	Aryl sulfonate and a primary amine
465	buchwald_hartwig	aryl_sulfonate,secondary_amine	[A:1]-[A:101](-[A:102])-[A:103]		O=S(C(F)(F)F)(Oc1ccccc1)=O.CNC>>N(C)(c1ccccc1)C	Aryl sulfonate and a secondary amine
466	buchwald_hartwig	aryl_sulfonate,primary_aniline	[A:1]-[A:101]-[A:102]		O=S(C(F)(F)F)(Oc1ccccc1)=O.c1c(N)cccc1>>c1(Nc2ccccc2)ccccc1	Aryl sulfonate and a primary aniline
467	buchwald_hartwig	aryl_sulfonate,secondary_aniline	[A:1]-[A:101](-[A:102])-[A:103]		O=S(C(F)(F)F)(Oc1ccccc1)=O.c1cc(NC)ccc1>>c1cccc(c1)N(C)c1ccccc1	Aryl sulfonate and a secondary aniline
468	buchwald_hartwig	aryl_sulfonate,biaryl_aniline	[A:1]-[A:101](-[A:102])-[A:103]		O=S(C(F)(F)F)(Oc1ccccc1)=O.c1ccc(Nc2ccccc2)cc1>>c1(N(c2ccccc2)c2ccccc2)ccccc1	Aryl sulfonate and a diarylamine
469	buchwald_hartwig	aryl_sulfonate,primary_amide	[A:1]-[A:101]-[A:102]=[A:103]		O=S(C(F)(F)F)(Oc1ccccc1)=O.C(C)(N)=O>>c1ccc(NC(=O)C)cc1	Aryl sulfonate and a primary amide
470	buchwald_hartwig	aryl_sulfonate,secondary_amide	[A:1]-[A:101]-[A:102]=[A:103]		O=S(C(F)(F)F)(Oc1ccccc1)=O.O=C1CCCN1>>C1N(c2ccccc2)C(=O)CC1	Aryl sulfonate and a secondary amide or lactam
471	buchwald_hartwig	aryl_sulfonate,nh_carbamate	[A:1]-[A:101]-[A:102](=[A:103])-[A:104]		O=S(C(F)(F)F)(Oc1ccccc1)=O.CC(C)(C)OC(=O)NC>>CC(OC(=O)N(C)c1ccccc1)(C)C	Aryl sulfonate and a carbamate N-H
472	buchwald_hartwig	aryl_sulfonate,nh_urea_any	[A:1]-[A:101]-[A:102](=[A:103])-[A:104]		O=S(C(F)(F)F)(Oc1ccccc1)=O.O=C1NCCN1C>>O=C1N(C)CCN1c1ccccc1	Aryl sulfonate and a urea N-H
473	buchwald_hartwig	aryl_sulfonate,nh_sulfonamide	[A:1]-[A:101]-[A:102](=[A:103])=[A:104]		O=S(C(F)(F)F)(Oc1ccccc1)=O.CNS(=O)(=O)c1ccccc1>>c1ccc(cc1)S(=O)(N(c1ccccc1)C)=O	Aryl sulfonate and a sulfonamide N-H
474	buchwald_hartwig	alkenyl_halide,primary_amine	[A@=:1](=[A:2])-[A:101]-[A:102]		C/C=C/Br.C(C)N>>C(=C\C)/NCC	Alkenyl halide and a primary amine
475	buchwald_hartwig	alkenyl_halide,secondary_amine	[A@=:1](=[A:2])-[A:101](-[A:102])-[A:103]		C/C=C/Br.CNC>>N(/C=C/C)(C)C	Alkenyl halide and a secondary amine
476	buchwald_hartwig	alkenyl_halide,primary_aniline	[A@=:1](=[A:2])-[A:101]-[A:102]		C/C=C/Br.c1c(N)cccc1>>c1(ccccc1)N/C=C/C	Alkenyl halide and a primary aniline
477	buchwald_hartwig	alkenyl_halide,secondary_aniline	[A@=:1](=[A:2])-[A:101](-[A:102])-[A:103]		C/C=C/Br.c1cc(NC)ccc1>>c1(N(C)/C=C/C)ccccc1	Alkenyl halide and a secondary aniline
478	buchwald_hartwig	alkenyl_halide,biaryl_aniline	[A@=:1](=[A:2])-[A:101](-[A:102])-[A:103]		C/C=C/Br.c1ccc(Nc2ccccc2)cc1>>c1(ccccc1)N(c1ccccc1)/C=C/C	Alkenyl halide and a diarylamine
479	buchwald_hartwig	alkenyl_halide,primary_amide	[A@=:1](=[A:2])-[A:101]-[A:102]=[A:103]		C/C=C/Br.C(C)(N)=O>>C(=O)(N/C=C/C)C	Alkenyl halide and a primary amide
480	buchwald_hartwig	alkenyl_halide,secondary_amide	[A@=:1](=[A:2])-[A:101]-[A:102]=[A:103]		C/C=C/Br.O=C1CCCN1>>O=C1CCCN1/C=C/C	Alkenyl halide and a secondary amide or lactam
481	buchwald_hartwig	alkenyl_halide,nh_carbamate	[A@=:1](=[A:2])-[A:101]-[A:102](=[A:103])-[A:104]		C/C=C/Br.CC(C)(C)OC(=O)NC>>O=C(N(C)/C=C/C)OC(C)(C)C	Alkenyl halide and a carbamate N-H
482	buchwald_hartwig	alkenyl_halide,nh_urea_any	[A@=:1](=[A:2])-[A:101]-[A:102](=[A:103])-[A:104]		C/C=C/Br.O=C1NCCN1C>>C1(N(C)CCN1/C=C/C)=O	Alkenyl halide and a urea N-H
483	buchwald_hartwig	alkenyl_halide,nh_sulfonamide	[A@=:1](=[A:2])-[A:101]-[A:102](=[A:103])=[A:104]		C/C=C/Br.CNS(=O)(=O)c1ccccc1>>c1ccc(S(N(C)/C=C/C)(=O)=O)cc1	Alkenyl halide and a sulfonamide N-H
484	buchwald_hartwig	alkenyl_sulfonate,primary_amine	[A@=:1](=[A:2])-[A:101]-[A:102]		C/C=C/OS(=O)(=O)C(F)(F)F.C(C)N>>C(=C\C)/NCC	Alkenyl sulfonate and a primary amine
485	buchwald_hartwig	alkenyl_sulfonate,secondary_amine	[A@=:1](=[A:2])-[A:101](-[A:102])-[A:103]		C/C=C/OS(=O)(=O)C(F)(F)F.CNC>>N(/C=C/C)(C)C	Alkenyl sulfonate and a secondary amine
486	buchwald_hartwig	alkenyl_sulfonate,primary_aniline	[A@=:1](=[A:2])-[A:101]-[A:102]		C/C=C/OS(=O)(=O)C(F)(F)F.c1c(N)cccc1>>c1(ccccc1)N/C=C/C	Alkenyl sulfonate and a primary aniline
487	buchwald_hartwig	alkenyl_sulfonate,secondary_aniline	[A@=:1](=[A:2])-[A:101](-[A:102])-[A:103]		C/C=C/OS(=O)(=O)C(F)(F)F.c1cc(NC)ccc1>>c1(N(C)/C=C/C)ccccc1	Alkenyl sulfonate and a secondary aniline
488	buchwald_hartwig	alkenyl_sulfonate,biaryl_aniline	[A@=:1](=[A:2])-[A:101](-[A:102])-[A:103]		C/C=C/OS(=O)(=O)C(F)(F)F.c1ccc(Nc2ccccc2)cc1>>c1(ccccc1)N(c1ccccc1)/C=C/C	Alkenyl sulfonate and a diarylamine
489	buchwald_hartwig	alkenyl_sulfonate,primary_amide	[A@=:1](=[A:2])-[A:101]-[A:102]=[A:103]		C/C=C/OS(=O)(=O)C(F)(F)F.C(C)(N)=O>>C(=O)(N/C=C/C)C	Alkenyl sulfonate and a primary amide
490	buchwald_hartwig	alkenyl_sulfonate,secondary_amide	[A@=:1](=[A:2])-[A:101]-[A:102]=[A:103]		C/C=C/OS(=O)(=O)C(F)(F)F.O=C1CCCN1>>O=C1CCCN1/C=C/C	Alkenyl sulfonate and a secondary amide or lactam
491	buchwald_hartwig	alkenyl_sulfonate,nh_carbamate	[A@=:1](=[A:2])-[A:101]-[A:102](=[A:103])-[A:104]		C/C=C/OS(=O)(=O)C(F)(F)F.CC(C)(C)OC(=O)NC>>O=C(N(C)/C=C/C)OC(C)(C)C	Alkenyl sulfonate and a carbamate N-H
492	buchwald_hartwig	alkenyl_sulfonate,nh_urea_any	[A@=:1](=[A:2])-[A:101]-[A:102](=[A:103])-[A:104]		C/C=C/OS(=O)(=O)C(F)(F)F.O=C1NCCN1C>>C1(N(C)CCN1/C=C/C)=O	Alkenyl sulfonate and a urea N-H
493	buchwald_hartwig	alkenyl_sulfonate,nh_sulfonamide	[A@=:1](=[A:2])-[A:101]-[A:102](=[A:103])=[A:104]		C/C=C/OS(=O)(=O)C(F)(F)F.CNS(=O)(=O)c1ccccc1>>c1ccc(S(N(C)/C=C/C)(=O)=O)cc1	Alkenyl sulfonate and a sulfonamide N-H
#
# --- SNAr by the acidic N-H classes -----------------------------------------------------------------
494	snar	aryl_fluoride,biaryl_aniline	[A:1]-[A:101](-[A:102])-[A:103]		c1c(F)cccc1.c1ccc(Nc2ccccc2)cc1>>c1(N(c2ccccc2)c2ccccc2)ccccc1	Activated aryl fluoride and a diarylamine
495	snar	aryl_fluoride,nh_carbamate	[A:1]-[A:101]-[A:102](=[A:103])-[A:104]		c1c(F)cccc1.CC(C)(C)OC(=O)NC>>CC(OC(=O)N(C)c1ccccc1)(C)C	Activated aryl fluoride and a carbamate N-H
496	snar	aryl_fluoride,nh_urea_any	[A:1]-[A:101]-[A:102](=[A:103])-[A:104]		c1c(F)cccc1.O=C1NCCN1C>>O=C1N(C)CCN1c1ccccc1	Activated aryl fluoride and a urea N-H
497	snar	aryl_fluoride,nh_sulfonamide	[A:1]-[A:101]-[A:102](=[A:103])=[A:104]		c1c(F)cccc1.CNS(=O)(=O)c1ccccc1>>c1ccc(cc1)S(=O)(N(c1ccccc1)C)=O	Activated aryl fluoride and a sulfonamide N-H
#
# --- Mitsunobu onto the acidic N-H classes ----------------------------------------------------------
498	mitsunobu	primary_alcohol,primary_amide	[A:2]-[A:101]-[A:102]=[A:103]		C(C)O.C(C)(N)=O>>C(=O)(NCC)C	Primary alcohol and a primary amide
499	mitsunobu	primary_alcohol,secondary_amide	[A:2]-[A:101]-[A:102]=[A:103]		C(C)O.O=C1CCCN1>>O=C1CCCN1CC	Primary alcohol and a secondary amide or lactam
500	mitsunobu	primary_alcohol,nh_carbamate	[A:2]-[A:101]-[A:102](=[A:103])-[A:104]		C(C)O.CC(C)(C)OC(=O)NC>>O=C(N(CC)C)OC(C)(C)C	Primary alcohol and a carbamate N-H
501	mitsunobu	primary_alcohol,nh_urea_any	[A:2]-[A:101]-[A:102](=[A:103])-[A:104]		C(C)O.O=C1NCCN1C>>C(N1C(N(C)CC1)=O)C	Primary alcohol and a urea N-H
502	mitsunobu	primary_alcohol,nh_sulfonamide	[A:2]-[A:101]-[A:102](=[A:103])=[A:104]		C(C)O.CNS(=O)(=O)c1ccccc1>>c1cc(ccc1)S(N(CC)C)(=O)=O	Primary alcohol and a sulfonamide N-H
503	mitsunobu	primary_alcohol,pyrrole	[A:2]-[A:101]		C(C)O.c1c[nH]cc1>>C(n1cccc1)C	Primary alcohol and an azole N-H
504	mitsunobu	primary_alcohol,pyrazole	[A:2]-[A:102]:[A:101]		C(C)O.n1[nH]ccc1>>c1n(CC)ncc1	Primary alcohol and the free nitrogen of a pyrazole
505	mitsunobu	primary_alcohol,imidazole	[A:2]-[A:103]:[A:102]:[A:101]		C(C)O.n1c[nH]cc1>>C(n1ccnc1)C	Primary alcohol and the free nitrogen of an imidazole
506	mitsunobu	secondary_alcohol,primary_amide	[A@~:2]-[A:101]-[A:102]=[A:103]		C[C@H](O)CC.C(C)(N)=O>>O=C(N[C@@H](CC)C)C	Secondary alcohol and a primary amide
507	mitsunobu	secondary_alcohol,secondary_amide	[A@~:2]-[A:101]-[A:102]=[A:103]		C[C@H](O)CC.O=C1CCCN1>>C1CCN([C@@H](CC)C)C1=O	Secondary alcohol and a secondary amide or lactam
508	mitsunobu	secondary_alcohol,nh_carbamate	[A@~:2]-[A:101]-[A:102](=[A:103])-[A:104]		C[C@H](O)CC.CC(C)(C)OC(=O)NC>>O=C(OC(C)(C)C)N([C@@H](CC)C)C	Secondary alcohol and a carbamate N-H
509	mitsunobu	secondary_alcohol,nh_urea_any	[A@~:2]-[A:101]-[A:102](=[A:103])-[A:104]		C[C@H](O)CC.O=C1NCCN1C>>C1N([C@@H](CC)C)C(=O)N(C)C1	Secondary alcohol and a urea N-H
510	mitsunobu	secondary_alcohol,nh_sulfonamide	[A@~:2]-[A:101]-[A:102](=[A:103])=[A:104]		C[C@H](O)CC.CNS(=O)(=O)c1ccccc1>>S(N(C)[C@H](C)CC)(=O)(c1ccccc1)=O	Secondary alcohol and a sulfonamide N-H
511	mitsunobu	secondary_alcohol,pyrrole	[A@~:2]-[A:101]		C[C@H](O)CC.c1c[nH]cc1>>c1cccn1[C@H](C)CC	Secondary alcohol and an azole N-H
512	mitsunobu	secondary_alcohol,pyrazole	[A@~:2]-[A:102]:[A:101]		C[C@H](O)CC.n1[nH]ccc1>>c1cn(nc1)[C@@H](CC)C	Secondary alcohol and the free nitrogen of a pyrazole
513	mitsunobu	secondary_alcohol,imidazole	[A@~:2]-[A:103]:[A:102]:[A:101]		C[C@H](O)CC.n1c[nH]cc1>>n1([C@H](C)CC)cncc1	Secondary alcohol and the free nitrogen of an imidazole
#
# --- amide bond formation: the anilines, the other acyl halides, the salt and the active ester ------
514	amidation	acyl_chloride,primary_aniline	[A:1](=[A:2])-[A:101]-[A:102]		C(C)(=O)Cl.c1c(N)cccc1>>c1ccc(NC(=O)C)cc1	Acyl chloride and a primary aniline
515	amidation	acyl_chloride,secondary_aniline	[A:1](=[A:2])-[A:101](-[A:102])-[A:103]		C(C)(=O)Cl.c1cc(NC)ccc1>>CN(c1ccccc1)C(C)=O	Acyl chloride and a secondary aniline
516	amidation	acyl_chloride,biaryl_aniline	[A:1](=[A:2])-[A:101](-[A:102])-[A:103]		C(C)(=O)Cl.c1ccc(Nc2ccccc2)cc1>>c1(ccccc1)N(c1ccccc1)C(=O)C	Acyl chloride and a diarylamine
517	amidation	acyl_chloride,nh_sulfonamide	[A:1](=[A:2])-[A:101]-[A:102](=[A:103])=[A:104]		C(C)(=O)Cl.CNS(=O)(=O)c1ccccc1>>c1(ccccc1)S(N(C(=O)C)C)(=O)=O	Acyl chloride and a sulfonamide N-H
518	amidation	acyl_bromide,primary_amine	[A:1](=[A:2])-[A:101]-[A:102]		C(C)(=O)Br.C(C)N>>C(=O)(NCC)C	Acyl bromide and a primary amine
519	amidation	acyl_bromide,secondary_amine	[A:1](=[A:2])-[A:101](-[A:102])-[A:103]		C(C)(=O)Br.CNC>>N(C)(C(C)=O)C	Acyl bromide and a secondary amine
520	amidation	acyl_bromide,primary_aniline	[A:1](=[A:2])-[A:101]-[A:102]		C(C)(=O)Br.c1c(N)cccc1>>c1ccc(NC(=O)C)cc1	Acyl bromide and a primary aniline
521	amidation	acyl_bromide,secondary_aniline	[A:1](=[A:2])-[A:101](-[A:102])-[A:103]		C(C)(=O)Br.c1cc(NC)ccc1>>CN(c1ccccc1)C(C)=O	Acyl bromide and a secondary aniline
522	amidation	acyl_fluoride,primary_amine	[A:1](=[A:2])-[A:101]-[A:102]		C(C)(=O)F.C(C)N>>C(=O)(NCC)C	Acyl fluoride and a primary amine
523	amidation	acyl_fluoride,secondary_amine	[A:1](=[A:2])-[A:101](-[A:102])-[A:103]		C(C)(=O)F.CNC>>N(C)(C(C)=O)C	Acyl fluoride and a secondary amine
524	amidation	acyl_fluoride,primary_aniline	[A:1](=[A:2])-[A:101]-[A:102]		C(C)(=O)F.c1c(N)cccc1>>c1ccc(NC(=O)C)cc1	Acyl fluoride and a primary aniline
525	amidation	acyl_fluoride,secondary_aniline	[A:1](=[A:2])-[A:101](-[A:102])-[A:103]		C(C)(=O)F.c1cc(NC)ccc1>>CN(c1ccccc1)C(C)=O	Acyl fluoride and a secondary aniline
526	amidation	carboxylate,primary_amine	[A:2](=[A:3])-[A:101]-[A:102]		CC(=O)[O-].[Na+].C(C)N>>C(=O)(NCC)C	Carboxylate and a primary amine
527	amidation	carboxylate,secondary_amine	[A:2](=[A:3])-[A:101](-[A:102])-[A:103]		CC(=O)[O-].[Na+].CNC>>N(C)(C(C)=O)C	Carboxylate and a secondary amine
528	amidation	carboxylate,primary_aniline	[A:2](=[A:3])-[A:101]-[A:102]		CC(=O)[O-].[Na+].c1c(N)cccc1>>c1ccc(NC(=O)C)cc1	Carboxylate and a primary aniline
529	amidation	carboxylate,secondary_aniline	[A:2](=[A:3])-[A:101](-[A:102])-[A:103]		CC(=O)[O-].[Na+].c1cc(NC)ccc1>>CN(c1ccccc1)C(C)=O	Carboxylate and a secondary aniline
530	aminolysis	activated_ester,primary_amine	[A:2](=[A:1])-[A:101]-[A:102]		CC(=O)ON1C(=O)CCC1=O.C(C)N>>C(=O)(NCC)C	Activated ester and a primary amine
531	aminolysis	activated_ester,secondary_amine	[A:2](=[A:1])-[A:101](-[A:102])-[A:103]		CC(=O)ON1C(=O)CCC1=O.CNC>>N(C)(C(C)=O)C	Activated ester and a secondary amine
532	aminolysis	activated_ester,primary_aniline	[A:2](=[A:1])-[A:101]-[A:102]		CC(=O)ON1C(=O)CCC1=O.c1c(N)cccc1>>c1ccc(NC(=O)C)cc1	Activated ester and a primary aniline
533	aminolysis	activated_ester,secondary_aniline	[A:2](=[A:1])-[A:101](-[A:102])-[A:103]		CC(=O)ON1C(=O)CCC1=O.c1cc(NC)ccc1>>CN(c1ccccc1)C(C)=O	Activated ester and a secondary aniline
534	amidation	carboxylic_acid,secondary_aniline	[A:1](=[A:2])-[A:101](-[A:102])-[A:103]		C(C)(=O)O.c1cc(NC)ccc1>>CN(c1ccccc1)C(C)=O	Carboxylic acid and a secondary aniline
535	amidation	carboxylic_acid,biaryl_aniline	[A:1](=[A:2])-[A:101](-[A:102])-[A:103]		C(C)(=O)O.c1ccc(Nc2ccccc2)cc1>>c1(ccccc1)N(c1ccccc1)C(=O)C	Carboxylic acid and a diarylamine
536	amidation	carboxylic_acid,nh_sulfonamide	[A:1](=[A:2])-[A:101]-[A:102](=[A:103])=[A:104]		C(C)(=O)O.CNS(=O)(=O)c1ccccc1>>c1(ccccc1)S(N(C(=O)C)C)(=O)=O	Carboxylic acid and a sulfonamide N-H
537	aminolysis	ester,biaryl_aniline	[A:2](=[A:1])-[A:101](-[A:102])-[A:103]		O=C(C)OC.c1ccc(Nc2ccccc2)cc1>>c1(ccccc1)N(c1ccccc1)C(=O)C	Ester and a diarylamine
#
# --- sulfonamides from the anhydride, ureas from the isocyanate -------------------------------------
538	sulfonamide_formation	sulfonyl_anhydride,primary_amine	[A:1](=[A:2])(=[A:3])-[A:101]-[A:102]		CS(=O)(=O)OS(C)(=O)=O.C(C)N>>C(C)NS(C)(=O)=O	Sulfonic anhydride and a primary amine
539	sulfonamide_formation	sulfonyl_anhydride,secondary_amine	[A:1](=[A:2])(=[A:3])-[A:101](-[A:102])-[A:103]		CS(=O)(=O)OS(C)(=O)=O.CNC>>N(C)(S(C)(=O)=O)C	Sulfonic anhydride and a secondary amine
540	sulfonamide_formation	sulfonyl_anhydride,primary_aniline	[A:1](=[A:2])(=[A:3])-[A:101]-[A:102]		CS(=O)(=O)OS(C)(=O)=O.c1c(N)cccc1>>c1c(NS(=O)(C)=O)cccc1	Sulfonic anhydride and a primary aniline
541	sulfonamide_formation	sulfonyl_anhydride,secondary_aniline	[A:1](=[A:2])(=[A:3])-[A:101](-[A:102])-[A:103]		CS(=O)(=O)OS(C)(=O)=O.c1cc(NC)ccc1>>c1c(cccc1)N(C)S(C)(=O)=O	Sulfonic anhydride and a secondary aniline
542	sulfonamide_formation	sulfonyl_chloride,biaryl_aniline	[A:1](=[A:2])(=[A:3])-[A:101](-[A:102])-[A:103]		CS(=O)(=O)Cl.c1ccc(Nc2ccccc2)cc1>>c1cccc(N(c2ccccc2)S(C)(=O)=O)c1	Sulfonyl chloride and a diarylamine
543	urea_synthesis	isocyanate,secondary_amine	[A:1]-[A:2](=[A:3])-[A:101](-[A:102])-[A:103]		CCN=C=O.CNC>>O=C(NCC)N(C)C	Isocyanate and a secondary amine
544	urea_synthesis	isocyanate,primary_aniline	[A:1]-[A:2](=[A:3])-[A:101]-[A:102]		CCN=C=O.c1c(N)cccc1>>c1c(NC(NCC)=O)cccc1	Isocyanate and a primary aniline
545	urea_synthesis	isocyanate,secondary_aniline	[A:1]-[A:2](=[A:3])-[A:101](-[A:102])-[A:103]		CCN=C=O.c1cc(NC)ccc1>>c1ccc(N(C)C(NCC)=O)cc1	Isocyanate and a secondary aniline
546	urea_synthesis	isocyanate,biaryl_aniline	[A:1]-[A:2](=[A:3])-[A:101](-[A:102])-[A:103]		CCN=C=O.c1ccc(Nc2ccccc2)cc1>>c1(ccccc1)N(c1ccccc1)C(=O)NCC	Isocyanate and a diarylamine
#
# --- alcohol amination, sulfonylation of oxygen, and O-alkylation of the acid -----------------------
# `alcohol_amination` activates the alcohol in situ (MsCl, borrowing hydrogen) and states no
# configuration: which of the two happened decides it.
547	alcohol_amination	primary_alcohol,primary_amine	[A:2]-[A:101]-[A:102]		C(C)O.C(C)N>>C(C)NCC	Primary alcohol condensed with a primary amine
548	alcohol_amination	primary_alcohol,secondary_amine	[A:2]-[A:101](-[A:102])-[A:103]		C(C)O.CNC>>C(N(C)C)C	Primary alcohol condensed with a secondary amine
549	alcohol_amination	primary_alcohol,primary_aniline	[A:2]-[A:101]-[A:102]		C(C)O.c1c(N)cccc1>>N(c1ccccc1)CC	Primary alcohol condensed with a primary aniline
550	alcohol_amination	primary_alcohol,secondary_aniline	[A:2]-[A:101](-[A:102])-[A:103]		C(C)O.c1cc(NC)ccc1>>c1cccc(c1)N(C)CC	Primary alcohol condensed with a secondary aniline
551	alcohol_amination	secondary_alcohol,primary_amine	[A:2]-[A:101]-[A:102]		C(C)(O)CC.C(C)N>>C(C(NCC)C)C	Secondary alcohol condensed with a primary amine
552	alcohol_amination	secondary_alcohol,secondary_amine	[A:2]-[A:101](-[A:102])-[A:103]		C(C)(O)CC.CNC>>C(C)C(N(C)C)C	Secondary alcohol condensed with a secondary amine
553	alcohol_amination	secondary_alcohol,primary_aniline	[A:2]-[A:101]-[A:102]		C(C)(O)CC.c1c(N)cccc1>>c1ccccc1NC(C)CC	Secondary alcohol condensed with a primary aniline
554	alcohol_amination	secondary_alcohol,secondary_aniline	[A:2]-[A:101](-[A:102])-[A:103]		C(C)(O)CC.c1cc(NC)ccc1>>N(c1ccccc1)(C(CC)C)C	Secondary alcohol condensed with a secondary aniline
555	sulfonylation	sulfonyl_chloride,primary_alcohol	[A:1](=[A:2])(=[A:3])-[A:101]-[A:102]		CS(=O)(=O)Cl.C(C)O>>C(C)OS(C)(=O)=O	Sulfonyl chloride and the oxygen of primary alcohol, giving the sulfonate ester
556	sulfonylation	sulfonyl_chloride,secondary_alcohol	[A:1](=[A:2])(=[A:3])-[A:101]-[A:102]		CS(=O)(=O)Cl.C(C)(O)C>>CC(OS(C)(=O)=O)C	Sulfonyl chloride and the oxygen of secondary alcohol, giving the sulfonate ester
557	sulfonylation	sulfonyl_chloride,methanol	[A:1](=[A:2])(=[A:3])-[A:101]-[A:102]		CS(=O)(=O)Cl.CO>>O(C)S(C)(=O)=O	Sulfonyl chloride and the oxygen of methanol, giving the sulfonate ester
558	sulfonylation	sulfonyl_chloride,phenol	[A:1](=[A:2])(=[A:3])-[A:101]-[A:102]		CS(=O)(=O)Cl.c1c(O)cccc1>>O=S(C)(Oc1ccccc1)=O	Sulfonyl chloride and the oxygen of phenol, giving the sulfonate ester
559	sulfonylation	sulfonyl_anhydride,primary_alcohol	[A:1](=[A:2])(=[A:3])-[A:101]-[A:102]		CS(=O)(=O)OS(C)(=O)=O.C(C)O>>C(C)OS(C)(=O)=O	Sulfonic anhydride and the oxygen of primary alcohol, giving the sulfonate ester
560	sulfonylation	sulfonyl_anhydride,secondary_alcohol	[A:1](=[A:2])(=[A:3])-[A:101]-[A:102]		CS(=O)(=O)OS(C)(=O)=O.C(C)(O)C>>CC(OS(C)(=O)=O)C	Sulfonic anhydride and the oxygen of secondary alcohol, giving the sulfonate ester
561	sulfonylation	sulfonyl_anhydride,methanol	[A:1](=[A:2])(=[A:3])-[A:101]-[A:102]		CS(=O)(=O)OS(C)(=O)=O.CO>>O(C)S(C)(=O)=O	Sulfonic anhydride and the oxygen of methanol, giving the sulfonate ester
562	sulfonylation	sulfonyl_anhydride,phenol	[A:1](=[A:2])(=[A:3])-[A:101]-[A:102]		CS(=O)(=O)OS(C)(=O)=O.c1c(O)cccc1>>O=S(C)(Oc1ccccc1)=O	Sulfonic anhydride and the oxygen of phenol, giving the sulfonate ester
563	acid_alkylation	alkyl_halide,carboxylic_acid	[A@~:1]-[A:103]-[A:101]=[A:102]		C[C@H](Br)CC.C(C)(=O)O>>O([C@@H](CC)C)C(=O)C	Alkyl halide and a carboxylic acid, giving the ester
564	acid_alkylation	alkyl_halide,carboxylate	[A@~:1]-[A:101]-[A:102]=[A:103]		C[C@H](Br)CC.CC(=O)[O-].[Na+]>>O([C@@H](CC)C)C(=O)C	Alkyl halide and a carboxylate, giving the ester
565	acid_alkylation	alkyl_sulfonate,carboxylic_acid	[A@~:1]-[A:103]-[A:101]=[A:102]		C[C@@H](CC)OS(C)(=O)=O.C(C)(=O)O>>O([C@@H](CC)C)C(=O)C	Alkyl sulfonate and a carboxylic acid, giving the ester
566	acid_alkylation	alkyl_sulfonate,carboxylate	[A@~:1]-[A:101]-[A:102]=[A:103]		C[C@@H](CC)OS(C)(=O)=O.CC(=O)[O-].[Na+]>>O([C@@H](CC)C)C(=O)C	Alkyl sulfonate and a carboxylate, giving the ester
#
# --- Weinreb amides from the ester and the sulfonyl chloride, sulfonamides from the sulfonic acid ---
# The sulfonic acid rows take the acid activated in situ (SOCl2, (COCl)2, PPh3/Tf2O); its hydroxyl leaves.
567	weinreb_amidation	ester,NO_dialkylhydroxylamine	[A:2](=[A:1])-[A:101](-[A:102])-[A:103]-[A:104]		O=C(C)OC.CNOC>>N(C)(OC)C(C)=O	Ester and N,O-dimethylhydroxylamine, giving the Weinreb amide
568	sulfonamide_formation	sulfonyl_chloride,NO_dialkylhydroxylamine	[A:1](=[A:2])(=[A:3])-[A:101](-[A:102])-[A:103]-[A:104]		CS(=O)(=O)Cl.CNOC>>N(C)(S(C)(=O)=O)OC	Sulfonyl chloride and N,O-dimethylhydroxylamine
569	sulfonamide_formation	sulfo,primary_amine	[A:1](=[A:2])(=[A:3])-[A:101]-[A:102]		CS(=O)(=O)O.C(C)N>>C(C)NS(C)(=O)=O	Sulfonic acid, activated in situ, and a primary amine
570	sulfonamide_formation	sulfo,secondary_amine	[A:1](=[A:2])(=[A:3])-[A:101](-[A:102])-[A:103]		CS(=O)(=O)O.CNC>>N(C)(S(C)(=O)=O)C	Sulfonic acid, activated in situ, and a secondary amine
571	sulfonamide_formation	sulfo,primary_aniline	[A:1](=[A:2])(=[A:3])-[A:101]-[A:102]		CS(=O)(=O)O.c1c(N)cccc1>>c1c(NS(=O)(C)=O)cccc1	Sulfonic acid, activated in situ, and a primary aniline
572	sulfonamide_formation	sulfo,secondary_aniline	[A:1](=[A:2])(=[A:3])-[A:101](-[A:102])-[A:103]		CS(=O)(=O)O.c1cc(NC)ccc1>>c1c(cccc1)N(C)S(C)(=O)=O	Sulfonic acid, activated in situ, and a secondary aniline
#
# --- N-acylation of the amide, carbamate and urea N-H, and of the ring-enamine NH2 ------------------
573	n_acylation	acyl_chloride,primary_amide	[A:1](=[A:2])-[A:101]-[A:102]=[A:103]		C(C)(=O)Cl.C(C)(N)=O>>CC(NC(C)=O)=O	Acyl chloride and a primary amide, giving the imide
574	n_acylation	acyl_chloride,secondary_amide	[A:1](=[A:2])-[A:101]-[A:102]=[A:103]		C(C)(=O)Cl.O=C1CCCN1>>O=C(C)N1C(CCC1)=O	Acyl chloride and a lactam, giving the imide
575	n_acylation	acyl_chloride,nh_carbamate	[A:1](=[A:2])-[A:101]-[A:102](=[A:103])-[A:104]		C(C)(=O)Cl.O=C1NCCO1>>O=C(C)N1C(OCC1)=O	Acyl chloride and a carbamate N-H
576	n_acylation	acyl_chloride,nh_urea_any	[A:1](=[A:2])-[A:101]-[A:102](=[A:103])-[A:104]		C(C)(=O)Cl.O=C1NCCN1C>>C1CN(C)C(N1C(C)=O)=O	Acyl chloride and a urea N-H
577	n_acylation	carboxylic_acid,primary_amide	[A:1](=[A:2])-[A:101]-[A:102]=[A:103]		C(C)(=O)O.C(C)(N)=O>>CC(NC(C)=O)=O	Carboxylic acid and a primary amide, giving the imide
578	n_acylation	carboxylic_acid,secondary_amide	[A:1](=[A:2])-[A:101]-[A:102]=[A:103]		C(C)(=O)O.O=C1CCCN1>>O=C(C)N1C(CCC1)=O	Carboxylic acid and a lactam, giving the imide
579	n_acylation	carboxylic_acid,nh_carbamate	[A:1](=[A:2])-[A:101]-[A:102](=[A:103])-[A:104]		C(C)(=O)O.O=C1NCCO1>>O=C(C)N1C(OCC1)=O	Carboxylic acid and a carbamate N-H
580	n_acylation	carboxylic_acid,nh_urea_any	[A:1](=[A:2])-[A:101]-[A:102](=[A:103])-[A:104]		C(C)(=O)O.O=C1NCCN1C>>C1CN(C)C(N1C(C)=O)=O	Carboxylic acid and a urea N-H
581	n_acylation	ester,primary_amide	[A:2](=[A:1])-[A:101]-[A:102]=[A:103]		CC(=O)OC(C)=O.C(C)(N)=O>>CC(NC(C)=O)=O	Ester or anhydride and a primary amide, giving the imide
582	n_acylation	ester,secondary_amide	[A:2](=[A:1])-[A:101]-[A:102]=[A:103]		CC(=O)OC(C)=O.O=C1CCCN1>>O=C(C)N1C(CCC1)=O	Ester or anhydride and a lactam, giving the imide
583	n_acylation	ester,nh_carbamate	[A:2](=[A:1])-[A:101]-[A:102](=[A:103])-[A:104]		CC(=O)OC(C)=O.O=C1NCCO1>>O=C(C)N1C(OCC1)=O	Ester or anhydride and a carbamate N-H
584	n_acylation	ester,nh_urea_any	[A:2](=[A:1])-[A:101]-[A:102](=[A:103])-[A:104]		CC(=O)OC(C)=O.O=C1NCCN1C>>C1CN(C)C(N1C(C)=O)=O	Ester or anhydride and a urea N-H
585	n_acylation	activated_ester,primary_amide	[A:2](=[A:1])-[A:101]-[A:102]=[A:103]		CC(=O)ON1C(=O)CCC1=O.C(C)(N)=O>>CC(NC(C)=O)=O	Activated ester and a primary amide, giving the imide
586	n_acylation	activated_ester,secondary_amide	[A:2](=[A:1])-[A:101]-[A:102]=[A:103]		CC(=O)ON1C(=O)CCC1=O.O=C1CCCN1>>O=C(C)N1C(CCC1)=O	Activated ester and a lactam, giving the imide
587	n_acylation	activated_ester,nh_carbamate	[A:2](=[A:1])-[A:101]-[A:102](=[A:103])-[A:104]		CC(=O)ON1C(=O)CCC1=O.O=C1NCCO1>>O=C(C)N1C(OCC1)=O	Activated ester and a carbamate N-H
588	n_acylation	activated_ester,nh_urea_any	[A:2](=[A:1])-[A:101]-[A:102](=[A:103])-[A:104]		CC(=O)ON1C(=O)CCC1=O.O=C1NCCN1C>>C1CN(C)C(N1C(C)=O)=O	Activated ester and a urea N-H
589	amidation	acyl_chloride,ring_enamine_nh2	[A:1](=[A:2])-[A:101]-[A:102]=[A:103]		C(C)(=O)Cl.NC1=CN(C)C(=O)C=C1>>C1=CC(NC(=O)C)=CN(C)C1=O	Acyl chloride and an aminopyridone-type ring enamine
590	amidation	carboxylic_acid,ring_enamine_nh2	[A:1](=[A:2])-[A:101]-[A:102]=[A:103]		C(C)(=O)O.NC1=CN(C)C(=O)C=C1>>C1=CC(NC(=O)C)=CN(C)C1=O	Carboxylic acid and an aminopyridone-type ring enamine
591	aminolysis	ester,ring_enamine_nh2	[A:2](=[A:1])-[A:101]-[A:102]=[A:103]		CC(=O)OC(C)=O.NC1=CN(C)C(=O)C=C1>>C1=CC(NC(=O)C)=CN(C)C1=O	Ester or anhydride and an aminopyridone-type ring enamine
592	aminolysis	activated_ester,ring_enamine_nh2	[A:2](=[A:1])-[A:101]-[A:102]=[A:103]		CC(=O)ON1C(=O)CCC1=O.NC1=CN(C)C(=O)C=C1>>C1=CC(NC(=O)C)=CN(C)C1=O	Activated ester and an aminopyridone-type ring enamine
#
# --- Chan-Lam on the amide, carbamate, urea, sulfonamide and azole N-H ------------------------------
# The alkyl rows are cyclopropylation and methylation by Cu(OAc)2; the carbon states no configuration.
593	chan_lam	aryl_boronic_acid,primary_amide	[A:1]-[A:101]-[A:102]=[A:103]		OB(O)c1ccccc1.C(C)(N)=O>>c1ccc(NC(=O)C)cc1	An aryl boronic acid and a primary amide (Chan-Lam)
594	chan_lam	aryl_boronic_acid,secondary_amide	[A:1]-[A:101]-[A:102]=[A:103]		OB(O)c1ccccc1.O=C1CCCN1>>C1N(c2ccccc2)C(=O)CC1	An aryl boronic acid and a secondary amide or lactam (Chan-Lam)
595	chan_lam	aryl_boronic_acid,nh_carbamate	[A:1]-[A:101]-[A:102](=[A:103])-[A:104]		OB(O)c1ccccc1.O=C1NCCO1>>c1cccc(c1)N1CCOC1=O	An aryl boronic acid and a carbamate N-H (Chan-Lam)
596	chan_lam	aryl_boronic_acid,nh_urea_any	[A:1]-[A:101]-[A:102](=[A:103])-[A:104]		OB(O)c1ccccc1.O=C1NCCN1C>>O=C1N(C)CCN1c1ccccc1	An aryl boronic acid and a urea N-H (Chan-Lam)
597	chan_lam	aryl_boronic_acid,nh_sulfonamide	[A:1]-[A:101]-[A:102](=[A:103])=[A:104]		OB(O)c1ccccc1.CNS(=O)(=O)c1ccccc1>>c1ccc(cc1)S(=O)(N(c1ccccc1)C)=O	An aryl boronic acid and a sulfonamide N-H (Chan-Lam)
598	chan_lam	aryl_boronic_acid,pyrrole	[A:1]-[A:101]		OB(O)c1ccccc1.c1c[nH]cc1>>n1(cccc1)-c1ccccc1	An aryl boronic acid and an azole N-H (Chan-Lam)
599	chan_lam	aryl_boronic_acid,pyrazole	[A:1]-[A:102]:[A:101]		OB(O)c1ccccc1.n1[nH]ccc1>>c1ccn(-c2ccccc2)n1	An aryl boronic acid and the free nitrogen of a pyrazole (Chan-Lam)
600	chan_lam	aryl_boronic_acid,imidazole	[A:1]-[A:103]:[A:102]:[A:101]		OB(O)c1ccccc1.n1c[nH]cc1>>n1ccn(-c2ccccc2)c1	An aryl boronic acid and the free nitrogen of an imidazole (Chan-Lam)
601	chan_lam	aryl_boronic_ester,primary_amide	[A:1]-[A:101]-[A:102]=[A:103]		CC1(C)OB(OC1(C)C)c1ccccc1.C(C)(N)=O>>c1ccc(NC(=O)C)cc1	An aryl boronic ester and a primary amide (Chan-Lam)
602	chan_lam	aryl_boronic_ester,secondary_amide	[A:1]-[A:101]-[A:102]=[A:103]		CC1(C)OB(OC1(C)C)c1ccccc1.O=C1CCCN1>>C1N(c2ccccc2)C(=O)CC1	An aryl boronic ester and a secondary amide or lactam (Chan-Lam)
603	chan_lam	aryl_boronic_ester,nh_carbamate	[A:1]-[A:101]-[A:102](=[A:103])-[A:104]		CC1(C)OB(OC1(C)C)c1ccccc1.O=C1NCCO1>>c1cccc(c1)N1CCOC1=O	An aryl boronic ester and a carbamate N-H (Chan-Lam)
604	chan_lam	aryl_boronic_ester,nh_urea_any	[A:1]-[A:101]-[A:102](=[A:103])-[A:104]		CC1(C)OB(OC1(C)C)c1ccccc1.O=C1NCCN1C>>O=C1N(C)CCN1c1ccccc1	An aryl boronic ester and a urea N-H (Chan-Lam)
605	chan_lam	aryl_boronic_ester,nh_sulfonamide	[A:1]-[A:101]-[A:102](=[A:103])=[A:104]		CC1(C)OB(OC1(C)C)c1ccccc1.CNS(=O)(=O)c1ccccc1>>c1ccc(cc1)S(=O)(N(c1ccccc1)C)=O	An aryl boronic ester and a sulfonamide N-H (Chan-Lam)
606	chan_lam	aryl_boronic_ester,pyrrole	[A:1]-[A:101]		CC1(C)OB(OC1(C)C)c1ccccc1.c1c[nH]cc1>>n1(cccc1)-c1ccccc1	An aryl boronic ester and an azole N-H (Chan-Lam)
607	chan_lam	aryl_boronic_ester,pyrazole	[A:1]-[A:102]:[A:101]		CC1(C)OB(OC1(C)C)c1ccccc1.n1[nH]ccc1>>c1ccn(-c2ccccc2)n1	An aryl boronic ester and the free nitrogen of a pyrazole (Chan-Lam)
608	chan_lam	aryl_boronic_ester,imidazole	[A:1]-[A:103]:[A:102]:[A:101]		CC1(C)OB(OC1(C)C)c1ccccc1.n1c[nH]cc1>>n1ccn(-c2ccccc2)c1	An aryl boronic ester and the free nitrogen of an imidazole (Chan-Lam)
609	chan_lam	alkyl_boronic_acid,primary_amine	[A:1]-[A:101]-[A:102]		OB(O)C1CC1.C(C)N>>C1(CC1)NCC	An alkyl (cyclopropyl, methyl) boronic acid and a primary amine (Chan-Lam)
610	chan_lam	alkyl_boronic_acid,secondary_amine	[A:1]-[A:101](-[A:102])-[A:103]		OB(O)C1CC1.CNC>>C1(CC1)N(C)C	An alkyl (cyclopropyl, methyl) boronic acid and a secondary amine (Chan-Lam)
611	chan_lam	alkyl_boronic_acid,primary_aniline	[A:1]-[A:101]-[A:102]		OB(O)C1CC1.c1c(N)cccc1>>c1cccc(c1)NC1CC1	An alkyl (cyclopropyl, methyl) boronic acid and a primary aniline (Chan-Lam)
612	chan_lam	alkyl_boronic_acid,secondary_aniline	[A:1]-[A:101](-[A:102])-[A:103]		OB(O)C1CC1.c1cc(NC)ccc1>>c1ccc(cc1)N(C1CC1)C	An alkyl (cyclopropyl, methyl) boronic acid and a secondary aniline (Chan-Lam)
613	chan_lam	alkyl_boronic_acid,primary_amide	[A:1]-[A:101]-[A:102]=[A:103]		OB(O)C1CC1.C(C)(N)=O>>C(C)(NC1CC1)=O	An alkyl (cyclopropyl, methyl) boronic acid and a primary amide (Chan-Lam)
614	chan_lam	alkyl_boronic_acid,secondary_amide	[A:1]-[A:101]-[A:102]=[A:103]		OB(O)C1CC1.O=C1CCCN1>>C1(=O)CCCN1C1CC1	An alkyl (cyclopropyl, methyl) boronic acid and a secondary amide or lactam (Chan-Lam)
615	chan_lam	alkyl_boronic_acid,nh_carbamate	[A:1]-[A:101]-[A:102](=[A:103])-[A:104]		OB(O)C1CC1.O=C1NCCO1>>C1N(C2CC2)C(=O)OC1	An alkyl (cyclopropyl, methyl) boronic acid and a carbamate N-H (Chan-Lam)
616	chan_lam	alkyl_boronic_acid,nh_urea_any	[A:1]-[A:101]-[A:102](=[A:103])-[A:104]		OB(O)C1CC1.O=C1NCCN1C>>N1(CCN(C1=O)C)C1CC1	An alkyl (cyclopropyl, methyl) boronic acid and a urea N-H (Chan-Lam)
617	chan_lam	alkyl_boronic_acid,nh_sulfonamide	[A:1]-[A:101]-[A:102](=[A:103])=[A:104]		OB(O)C1CC1.CNS(=O)(=O)c1ccccc1>>N(C)(S(=O)(c1ccccc1)=O)C1CC1	An alkyl (cyclopropyl, methyl) boronic acid and a sulfonamide N-H (Chan-Lam)
618	chan_lam	alkyl_boronic_acid,pyrrole	[A:1]-[A:101]		OB(O)C1CC1.c1c[nH]cc1>>c1cn(C2CC2)cc1	An alkyl (cyclopropyl, methyl) boronic acid and an azole N-H (Chan-Lam)
619	chan_lam	alkyl_boronic_acid,pyrazole	[A:1]-[A:102]:[A:101]		OB(O)C1CC1.n1[nH]ccc1>>n1cccn1C1CC1	An alkyl (cyclopropyl, methyl) boronic acid and the free nitrogen of a pyrazole (Chan-Lam)
620	chan_lam	alkyl_boronic_acid,imidazole	[A:1]-[A:103]:[A:102]:[A:101]		OB(O)C1CC1.n1c[nH]cc1>>C1(n2ccnc2)CC1	An alkyl (cyclopropyl, methyl) boronic acid and the free nitrogen of an imidazole (Chan-Lam)
#
# --- Chan-Lam with alkyl Bpin, trimethylboroxine, alkenyl boron; the diarylamine --------------------
621	chan_lam	aryl_boronic_acid,biaryl_aniline	[A:1]-[A:101](-[A:102])-[A:103]		OB(O)c1ccccc1.c1ccc(Nc2ccccc2)cc1>>c1(N(c2ccccc2)c2ccccc2)ccccc1	An aryl boronic acid and a diarylamine (Chan-Lam)
622	chan_lam	aryl_boronic_ester,biaryl_aniline	[A:1]-[A:101](-[A:102])-[A:103]		CC1(C)OB(OC1(C)C)c1ccccc1.c1ccc(Nc2ccccc2)cc1>>c1(N(c2ccccc2)c2ccccc2)ccccc1	An aryl boronic ester and a diarylamine (Chan-Lam)
623	chan_lam	alkyl_boronic_ester,primary_amine	[A:1]-[A:101]-[A:102]		CC1(C)OB(OC1(C)C)C1CC1.C(C)N>>C1(CC1)NCC	An alkyl boronic ester and a primary amine (Chan-Lam)
624	chan_lam	alkyl_boronic_ester,secondary_amine	[A:1]-[A:101](-[A:102])-[A:103]		CC1(C)OB(OC1(C)C)C1CC1.CNC>>C1(CC1)N(C)C	An alkyl boronic ester and a secondary amine (Chan-Lam)
625	chan_lam	alkyl_boronic_ester,primary_aniline	[A:1]-[A:101]-[A:102]		CC1(C)OB(OC1(C)C)C1CC1.c1c(N)cccc1>>c1cccc(c1)NC1CC1	An alkyl boronic ester and a primary aniline (Chan-Lam)
626	chan_lam	alkyl_boronic_ester,secondary_aniline	[A:1]-[A:101](-[A:102])-[A:103]		CC1(C)OB(OC1(C)C)C1CC1.c1cc(NC)ccc1>>c1ccc(cc1)N(C1CC1)C	An alkyl boronic ester and a secondary aniline (Chan-Lam)
627	chan_lam	alkyl_boronic_ester,biaryl_aniline	[A:1]-[A:101](-[A:102])-[A:103]		CC1(C)OB(OC1(C)C)C1CC1.c1ccc(Nc2ccccc2)cc1>>c1(N(C2CC2)c2ccccc2)ccccc1	An alkyl boronic ester and a diarylamine (Chan-Lam)
628	chan_lam	alkyl_boronic_ester,primary_amide	[A:1]-[A:101]-[A:102]=[A:103]		CC1(C)OB(OC1(C)C)C1CC1.C(C)(N)=O>>C(C)(NC1CC1)=O	An alkyl boronic ester and a primary amide (Chan-Lam)
629	chan_lam	alkyl_boronic_ester,secondary_amide	[A:1]-[A:101]-[A:102]=[A:103]		CC1(C)OB(OC1(C)C)C1CC1.O=C1CCCN1>>C1(=O)CCCN1C1CC1	An alkyl boronic ester and a secondary amide or lactam (Chan-Lam)
630	chan_lam	alkyl_boronic_ester,nh_carbamate	[A:1]-[A:101]-[A:102](=[A:103])-[A:104]		CC1(C)OB(OC1(C)C)C1CC1.O=C1NCCO1>>C1N(C2CC2)C(=O)OC1	An alkyl boronic ester and a carbamate N-H (Chan-Lam)
631	chan_lam	alkyl_boronic_ester,nh_urea_any	[A:1]-[A:101]-[A:102](=[A:103])-[A:104]		CC1(C)OB(OC1(C)C)C1CC1.O=C1NCCN1C>>N1(CCN(C1=O)C)C1CC1	An alkyl boronic ester and a urea N-H (Chan-Lam)
632	chan_lam	alkyl_boronic_ester,nh_sulfonamide	[A:1]-[A:101]-[A:102](=[A:103])=[A:104]		CC1(C)OB(OC1(C)C)C1CC1.CNS(=O)(=O)c1ccccc1>>N(C)(S(=O)(c1ccccc1)=O)C1CC1	An alkyl boronic ester and a sulfonamide N-H (Chan-Lam)
633	chan_lam	alkyl_boronic_ester,pyrrole	[A:1]-[A:101]		CC1(C)OB(OC1(C)C)C1CC1.c1c[nH]cc1>>c1cn(C2CC2)cc1	An alkyl boronic ester and an azole N-H (Chan-Lam)
634	chan_lam	alkyl_boronic_ester,pyrazole	[A:1]-[A:102]:[A:101]		CC1(C)OB(OC1(C)C)C1CC1.n1[nH]ccc1>>n1cccn1C1CC1	An alkyl boronic ester and the free nitrogen of a pyrazole (Chan-Lam)
635	chan_lam	alkyl_boronic_ester,imidazole	[A:1]-[A:103]:[A:102]:[A:101]		CC1(C)OB(OC1(C)C)C1CC1.n1c[nH]cc1>>C1(n2ccnc2)CC1	An alkyl boronic ester and the free nitrogen of an imidazole (Chan-Lam)
636	chan_lam	alkyl_boroxine,primary_amine	[A:1]-[A:101]-[A:102]		CB1OB(C)OB(C)O1.C(C)N>>C(C)NC	Trimethylboroxine and a primary amine (Chan-Lam)
637	chan_lam	alkyl_boroxine,secondary_amine	[A:1]-[A:101](-[A:102])-[A:103]		CB1OB(C)OB(C)O1.CNC>>CN(C)C	Trimethylboroxine and a secondary amine (Chan-Lam)
638	chan_lam	alkyl_boroxine,primary_aniline	[A:1]-[A:101]-[A:102]		CB1OB(C)OB(C)O1.c1c(N)cccc1>>c1cc(NC)ccc1	Trimethylboroxine and a primary aniline (Chan-Lam)
639	chan_lam	alkyl_boroxine,secondary_aniline	[A:1]-[A:101](-[A:102])-[A:103]		CB1OB(C)OB(C)O1.c1cc(NC)ccc1>>N(C)(c1ccccc1)C	Trimethylboroxine and a secondary aniline (Chan-Lam)
640	chan_lam	alkyl_boroxine,biaryl_aniline	[A:1]-[A:101](-[A:102])-[A:103]		CB1OB(C)OB(C)O1.c1ccc(Nc2ccccc2)cc1>>c1cccc(c1)N(C)c1ccccc1	Trimethylboroxine and a diarylamine (Chan-Lam)
641	chan_lam	alkyl_boroxine,primary_amide	[A:1]-[A:101]-[A:102]=[A:103]		CB1OB(C)OB(C)O1.C(C)(N)=O>>CC(NC)=O	Trimethylboroxine and a primary amide (Chan-Lam)
642	chan_lam	alkyl_boroxine,secondary_amide	[A:1]-[A:101]-[A:102]=[A:103]		CB1OB(C)OB(C)O1.O=C1CCCN1>>C1N(C)C(=O)CC1	Trimethylboroxine and a secondary amide or lactam (Chan-Lam)
643	chan_lam	alkyl_boroxine,nh_carbamate	[A:1]-[A:101]-[A:102](=[A:103])-[A:104]		CB1OB(C)OB(C)O1.O=C1NCCO1>>C1N(C)C(OC1)=O	Trimethylboroxine and a carbamate N-H (Chan-Lam)
644	chan_lam	alkyl_boroxine,nh_urea_any	[A:1]-[A:101]-[A:102](=[A:103])-[A:104]		CB1OB(C)OB(C)O1.O=C1NCCN1C>>N1(C(=O)N(C)CC1)C	Trimethylboroxine and a urea N-H (Chan-Lam)
645	chan_lam	alkyl_boroxine,nh_sulfonamide	[A:1]-[A:101]-[A:102](=[A:103])=[A:104]		CB1OB(C)OB(C)O1.CNS(=O)(=O)c1ccccc1>>c1c(cccc1)S(N(C)C)(=O)=O	Trimethylboroxine and a sulfonamide N-H (Chan-Lam)
646	chan_lam	alkyl_boroxine,pyrrole	[A:1]-[A:101]		CB1OB(C)OB(C)O1.c1c[nH]cc1>>c1cccn1C	Trimethylboroxine and an azole N-H (Chan-Lam)
647	chan_lam	alkyl_boroxine,pyrazole	[A:1]-[A:102]:[A:101]		CB1OB(C)OB(C)O1.n1[nH]ccc1>>n1(cccn1)C	Trimethylboroxine and the free nitrogen of a pyrazole (Chan-Lam)
648	chan_lam	alkyl_boroxine,imidazole	[A:1]-[A:103]:[A:102]:[A:101]		CB1OB(C)OB(C)O1.n1c[nH]cc1>>Cn1cncc1	Trimethylboroxine and the free nitrogen of an imidazole (Chan-Lam)
649	chan_lam	alkenyl_boronic_acid,primary_amine	[A@=:1](=[A:2])-[A:101]-[A:102]		C/C=C/B(O)O.C(C)N>>C(=C\C)/NCC	An alkenyl boronic acid and a primary amine (Chan-Lam)
650	chan_lam	alkenyl_boronic_acid,secondary_amine	[A@=:1](=[A:2])-[A:101](-[A:102])-[A:103]		C/C=C/B(O)O.CNC>>N(/C=C/C)(C)C	An alkenyl boronic acid and a secondary amine (Chan-Lam)
651	chan_lam	alkenyl_boronic_acid,primary_aniline	[A@=:1](=[A:2])-[A:101]-[A:102]		C/C=C/B(O)O.c1c(N)cccc1>>c1(ccccc1)N/C=C/C	An alkenyl boronic acid and a primary aniline (Chan-Lam)
652	chan_lam	alkenyl_boronic_acid,secondary_aniline	[A@=:1](=[A:2])-[A:101](-[A:102])-[A:103]		C/C=C/B(O)O.c1cc(NC)ccc1>>c1(N(C)/C=C/C)ccccc1	An alkenyl boronic acid and a secondary aniline (Chan-Lam)
653	chan_lam	alkenyl_boronic_acid,biaryl_aniline	[A@=:1](=[A:2])-[A:101](-[A:102])-[A:103]		C/C=C/B(O)O.c1ccc(Nc2ccccc2)cc1>>c1(ccccc1)N(c1ccccc1)/C=C/C	An alkenyl boronic acid and a diarylamine (Chan-Lam)
654	chan_lam	alkenyl_boronic_acid,primary_amide	[A@=:1](=[A:2])-[A:101]-[A:102]=[A:103]		C/C=C/B(O)O.C(C)(N)=O>>C(=O)(N/C=C/C)C	An alkenyl boronic acid and a primary amide (Chan-Lam)
655	chan_lam	alkenyl_boronic_acid,secondary_amide	[A@=:1](=[A:2])-[A:101]-[A:102]=[A:103]		C/C=C/B(O)O.O=C1CCCN1>>O=C1CCCN1/C=C/C	An alkenyl boronic acid and a secondary amide or lactam (Chan-Lam)
656	chan_lam	alkenyl_boronic_acid,nh_carbamate	[A@=:1](=[A:2])-[A:101]-[A:102](=[A:103])-[A:104]		C/C=C/B(O)O.O=C1NCCO1>>O=C1OCCN1/C=C/C	An alkenyl boronic acid and a carbamate N-H (Chan-Lam)
657	chan_lam	alkenyl_boronic_acid,nh_urea_any	[A@=:1](=[A:2])-[A:101]-[A:102](=[A:103])-[A:104]		C/C=C/B(O)O.O=C1NCCN1C>>C1(N(C)CCN1/C=C/C)=O	An alkenyl boronic acid and a urea N-H (Chan-Lam)
658	chan_lam	alkenyl_boronic_acid,nh_sulfonamide	[A@=:1](=[A:2])-[A:101]-[A:102](=[A:103])=[A:104]		C/C=C/B(O)O.CNS(=O)(=O)c1ccccc1>>c1ccc(S(N(C)/C=C/C)(=O)=O)cc1	An alkenyl boronic acid and a sulfonamide N-H (Chan-Lam)
659	chan_lam	alkenyl_boronic_acid,pyrrole	[A@=:1](=[A:2])-[A:101]		C/C=C/B(O)O.c1c[nH]cc1>>n1(cccc1)/C=C/C	An alkenyl boronic acid and an azole N-H (Chan-Lam)
660	chan_lam	alkenyl_boronic_acid,pyrazole	[A@=:1](=[A:2])-[A:102]:[A:101]		C/C=C/B(O)O.n1[nH]ccc1>>c1cnn(/C=C/C)c1	An alkenyl boronic acid and the free nitrogen of a pyrazole (Chan-Lam)
661	chan_lam	alkenyl_boronic_acid,imidazole	[A@=:1](=[A:2])-[A:103]:[A:102]:[A:101]		C/C=C/B(O)O.n1c[nH]cc1>>C(/n1ccnc1)=C\C	An alkenyl boronic acid and the free nitrogen of an imidazole (Chan-Lam)
662	chan_lam	alkenyl_boronic_ester,primary_amine	[A@=:1](=[A:2])-[A:101]-[A:102]		C/C=C/B1OC(C)(C)C(C)(C)O1.C(C)N>>C(=C\C)/NCC	An alkenyl boronic ester and a primary amine (Chan-Lam)
663	chan_lam	alkenyl_boronic_ester,secondary_amine	[A@=:1](=[A:2])-[A:101](-[A:102])-[A:103]		C/C=C/B1OC(C)(C)C(C)(C)O1.CNC>>N(/C=C/C)(C)C	An alkenyl boronic ester and a secondary amine (Chan-Lam)
664	chan_lam	alkenyl_boronic_ester,primary_aniline	[A@=:1](=[A:2])-[A:101]-[A:102]		C/C=C/B1OC(C)(C)C(C)(C)O1.c1c(N)cccc1>>c1(ccccc1)N/C=C/C	An alkenyl boronic ester and a primary aniline (Chan-Lam)
665	chan_lam	alkenyl_boronic_ester,secondary_aniline	[A@=:1](=[A:2])-[A:101](-[A:102])-[A:103]		C/C=C/B1OC(C)(C)C(C)(C)O1.c1cc(NC)ccc1>>c1(N(C)/C=C/C)ccccc1	An alkenyl boronic ester and a secondary aniline (Chan-Lam)
666	chan_lam	alkenyl_boronic_ester,biaryl_aniline	[A@=:1](=[A:2])-[A:101](-[A:102])-[A:103]		C/C=C/B1OC(C)(C)C(C)(C)O1.c1ccc(Nc2ccccc2)cc1>>c1(ccccc1)N(c1ccccc1)/C=C/C	An alkenyl boronic ester and a diarylamine (Chan-Lam)
667	chan_lam	alkenyl_boronic_ester,primary_amide	[A@=:1](=[A:2])-[A:101]-[A:102]=[A:103]		C/C=C/B1OC(C)(C)C(C)(C)O1.C(C)(N)=O>>C(=O)(N/C=C/C)C	An alkenyl boronic ester and a primary amide (Chan-Lam)
668	chan_lam	alkenyl_boronic_ester,secondary_amide	[A@=:1](=[A:2])-[A:101]-[A:102]=[A:103]		C/C=C/B1OC(C)(C)C(C)(C)O1.O=C1CCCN1>>O=C1CCCN1/C=C/C	An alkenyl boronic ester and a secondary amide or lactam (Chan-Lam)
669	chan_lam	alkenyl_boronic_ester,nh_carbamate	[A@=:1](=[A:2])-[A:101]-[A:102](=[A:103])-[A:104]		C/C=C/B1OC(C)(C)C(C)(C)O1.O=C1NCCO1>>O=C1OCCN1/C=C/C	An alkenyl boronic ester and a carbamate N-H (Chan-Lam)
670	chan_lam	alkenyl_boronic_ester,nh_urea_any	[A@=:1](=[A:2])-[A:101]-[A:102](=[A:103])-[A:104]		C/C=C/B1OC(C)(C)C(C)(C)O1.O=C1NCCN1C>>C1(N(C)CCN1/C=C/C)=O	An alkenyl boronic ester and a urea N-H (Chan-Lam)
671	chan_lam	alkenyl_boronic_ester,nh_sulfonamide	[A@=:1](=[A:2])-[A:101]-[A:102](=[A:103])=[A:104]		C/C=C/B1OC(C)(C)C(C)(C)O1.CNS(=O)(=O)c1ccccc1>>c1ccc(S(N(C)/C=C/C)(=O)=O)cc1	An alkenyl boronic ester and a sulfonamide N-H (Chan-Lam)
672	chan_lam	alkenyl_boronic_ester,pyrrole	[A@=:1](=[A:2])-[A:101]		C/C=C/B1OC(C)(C)C(C)(C)O1.c1c[nH]cc1>>n1(cccc1)/C=C/C	An alkenyl boronic ester and an azole N-H (Chan-Lam)
673	chan_lam	alkenyl_boronic_ester,pyrazole	[A@=:1](=[A:2])-[A:102]:[A:101]		C/C=C/B1OC(C)(C)C(C)(C)O1.n1[nH]ccc1>>c1cnn(/C=C/C)c1	An alkenyl boronic ester and the free nitrogen of a pyrazole (Chan-Lam)
674	chan_lam	alkenyl_boronic_ester,imidazole	[A@=:1](=[A:2])-[A:103]:[A:102]:[A:101]		C/C=C/B1OC(C)(C)C(C)(C)O1.n1c[nH]cc1>>C(/n1ccnc1)=C\C	An alkenyl boronic ester and the free nitrogen of an imidazole (Chan-Lam)
#
# --- N-alkylation of the ring-enamine NH2 -----------------------------------------------------------
675	n_alkylation	alkyl_halide,ring_enamine_nh2	[A@~:1]-[A:101]-[A:102]=[A:103]		C[C@H](Br)CC.NC1=CN(C)C(=O)C=C1>>C1(N(C=C(C=C1)N[C@H](C)CC)C)=O	Alkyl halide and an aminopyridone-type ring enamine
676	n_alkylation	alkyl_sulfonate,ring_enamine_nh2	[A@~:1]-[A:101]-[A:102]=[A:103]		C[C@@H](CC)OS(C)(=O)=O.NC1=CN(C)C(=O)C=C1>>C1(N(C=C(C=C1)N[C@H](C)CC)C)=O	Alkyl sulfonate and an aminopyridone-type ring enamine
